left_ear,right_ear,avg_ear,mar,yaw_deg,pitch_deg,roll_deg,ear_asymmetry,nose_centrality,label_id,label_name
0.3397,0.3044,0.2532,0.224,43.0817,7.5308,-6.5559,0.0657,0.3066,1,Distracted
0.346,0.3337,0.2885,0.2772,3.0252,11.6099,6.9134,0.006,0.0676,0,Attentive
0.3017,0.2657,0.3089,0.278,11.6644,10.3766,-4.8883,0.0106,0.0655,0,Attentive
0.2401,0.121,0.1867,0.4369,1.2542,10.8281,4.9478,0.0491,0.0856,2,Drowsy
0.0422,0.0414,0.1868,0.6265,44.571,45.2599,12.797,0.0611,0.5705,3,Absent
0.2805,0.2795,0.2466,0.3104,34.5175,4.9801,11.6388,0.005,0.3078,1,Distracted
0.019,0.094,0.0822,0.6058,55.22,22.6951,24.0676,0.0585,0.5037,3,Absent
0.2971,0.2837,0.31,0.2481,11.8264,3.7996,2.7515,0.0164,0.0483,0,Attentive
0.1464,0.0974,0.0518,0.6618,13.3601,22.436,9.9628,0.0297,0.5899,3,Absent
0.2135,0.3144,0.1831,0.4429,53.0225,7.3899,5.0566,0.0361,0.2911,1,Distracted
0.2685,0.2972,0.276,0.2766,30.4714,23.4485,0.6024,0.0152,0.5621,1,Distracted
0.2373,0.168,0.1388,0.4083,14.9663,8.5669,13.6533,0.0548,0.0542,2,Drowsy
0.291,0.3571,0.3406,0.3609,1.7276,5.0694,-5.5832,0.0348,0.015,0,Attentive
0.3009,0.3209,0.2692,0.2158,6.6586,17.6876,1.3096,0.0259,0.0468,0,Attentive
0.1898,0.2023,0.2007,0.3091,10.5927,10.4252,0.8237,0.025,0.0666,2,Drowsy
0.1659,0.2579,0.2193,0.2962,3.5553,10.9048,0.1892,0.0,0.084,2,Drowsy
0.2609,0.3006,0.3368,0.2488,19.0106,16.3142,9.7944,0.0301,0.2942,1,Distracted
0.2085,0.1485,0.1421,0.3547,20.0265,5.3814,0.6868,0.0368,0.0673,2,Drowsy
0.3423,0.3173,0.1744,0.3747,44.5371,30.0641,12.4248,0.0616,0.4379,1,Distracted
0.3078,0.2835,0.2832,0.2487,12.3818,6.8052,0.1469,0.0277,0.0,0,Attentive
0.3001,0.3131,0.3298,0.2975,-8.8792,-14.8774,6.6716,0.0063,0.0433,0,Attentive
0.1858,0.343,0.318,0.3067,57.8899,0.2264,16.3258,0.0107,0.3739,1,Distracted
0.1564,0.2129,0.2241,0.3967,-5.0641,13.5537,-3.2427,0.0139,0.0375,2,Drowsy
0.2591,0.3047,0.2545,0.3183,37.5527,4.0368,8.1718,0.0409,0.4658,1,Distracted
0.3276,0.2913,0.3067,0.2661,-2.3447,9.9443,1.1252,0.0124,0.0661,0,Attentive
0.3439,0.2887,0.2304,0.3019,37.9388,3.967,8.4414,0.0,0.4491,1,Distracted
0.1937,0.1513,0.2031,0.3614,3.8209,13.2147,6.3146,0.0265,0.1279,2,Drowsy
0.1364,0.15,0.2113,0.5337,9.7904,3.8847,8.5525,0.0168,0.1231,2,Drowsy
0.1573,0.2182,0.1668,0.3025,-3.9821,12.5362,-0.7273,0.0722,0.1276,2,Drowsy
0.2407,0.2396,0.2711,0.3242,36.7767,3.5685,6.5691,0.0234,0.438,1,Distracted
0.0,0.0024,0.082,0.599,54.0484,16.4514,38.4111,0.0357,0.9324,3,Absent
0.2033,0.1861,0.229,0.5295,-14.3493,-0.4314,5.6907,0.0043,0.0441,2,Drowsy
0.1076,0.109,0.0165,0.6492,16.4579,-2.9827,15.1918,0.0425,0.6523,3,Absent
0.1418,0.1058,0.2012,0.695,-4.122,9.3636,9.5525,0.0146,0.0608,2,Drowsy
0.1138,0.0734,0.0418,0.7149,32.0868,14.9842,15.7362,0.0327,0.331,3,Absent
0.2122,0.2947,0.2556,0.3319,43.3543,24.714,10.4452,0.0518,0.2831,1,Distracted
0.2399,0.2207,0.3271,0.3171,44.4317,15.8883,6.0018,0.0592,0.2889,1,Distracted
0.0981,0.0958,0.055,0.4623,10.9751,24.2395,9.6636,0.0588,0.5035,3,Absent
0.2692,0.333,0.3265,0.2766,5.8933,15.3283,1.9984,0.0082,0.0635,0,Attentive
0.262,0.2918,0.253,0.2765,16.834,16.3088,15.5895,0.0858,0.3591,1,Distracted
0.2669,0.278,0.3315,0.2907,25.4641,2.8868,8.5708,0.056,0.3782,1,Distracted
0.2627,0.3674,0.2714,0.3241,35.0766,-8.4826,-7.2678,0.0184,0.4556,1,Distracted
0.0926,0.0526,0.0177,0.6603,-4.2811,-2.3348,14.7512,0.0271,0.6191,3,Absent
0.298,0.2893,0.3307,0.1895,6.5086,-6.5902,7.3269,0.0174,0.0881,0,Attentive
0.319,0.298,0.3412,0.381,30.8931,35.0324,5.1469,0.0107,0.2866,1,Distracted
0.4114,0.3113,0.2707,0.3321,33.5065,18.6716,5.9564,0.0318,0.3386,1,Distracted
0.1609,0.1142,0.0788,0.8438,7.7426,6.9319,7.7819,0.0657,0.3976,3,Absent
0.2446,0.2857,0.2977,0.3202,6.729,-3.1429,3.1723,0.0414,0.3989,1,Distracted
0.2151,0.1089,0.1722,0.4331,7.1351,0.085,4.1601,0.0376,0.0505,2,Drowsy
0.3087,0.2653,0.2667,0.1724,8.2964,11.3202,11.2468,0.0284,0.0849,0,Attentive
0.3423,0.297,0.3005,0.2854,4.8657,9.672,3.4356,0.0139,0.0608,0,Attentive
0.1228,0.1125,0.1884,0.538,3.3635,23.3192,-1.4122,0.0158,0.0534,2,Drowsy
0.306,0.3079,0.3318,0.2866,5.3098,-8.5842,-2.8002,0.0188,0.0528,0,Attentive
0.2839,0.3019,0.2405,0.3558,52.1791,2.7722,6.162,0.0428,0.2954,1,Distracted
0.0946,0.0868,0.0819,0.5718,-4.0008,45.4468,22.5637,0.0802,0.5333,3,Absent
0.1967,0.1837,0.1569,0.4504,-1.7151,1.757,2.3192,0.0376,0.0814,2,Drowsy
0.151,0.192,0.1736,0.3406,9.7374,3.4851,-3.4893,0.0292,0.048,2,Drowsy
0.2819,0.2578,0.2852,0.3724,46.622,15.2079,2.0427,0.045,0.1813,1,Distracted
0.1083,0.0175,0.0811,0.6258,11.072,22.1413,24.2305,0.0362,0.5157,3,Absent
0.1678,0.1436,0.2233,0.5812,-3.0729,6.7697,3.2829,0.0393,0.0826,2,Drowsy
0.1508,0.1389,0.1968,0.5129,2.4992,18.9412,2.6978,0.0339,0.1064,2,Drowsy
0.3404,0.2942,0.3368,0.2489,8.6579,13.3258,1.0329,0.0222,0.0887,0,Attentive
0.2994,0.2968,0.3305,0.1962,-3.1002,10.2541,-0.9777,0.029,0.101,0,Attentive
0.2594,0.3349,0.2356,0.2399,28.2601,9.8431,3.3733,0.0002,0.31,1,Distracted
0.2002,0.1834,0.2086,0.4266,7.7857,16.8176,0.7441,0.0448,0.0045,2,Drowsy
0.1836,0.1825,0.1983,0.3287,7.2909,4.4831,4.9999,0.0591,0.031,2,Drowsy
0.2829,0.2703,0.3137,0.2209,25.7146,-0.0811,5.5098,0.0082,0.2816,1,Distracted
0.246,0.2688,0.2824,0.3058,30.8363,1.2264,15.116,0.0782,0.3643,1,Distracted
0.1145,0.1345,0.0901,0.6489,3.9154,16.7569,8.8556,0.0672,0.38,3,Absent
0.0233,0.1102,0.0577,0.8634,21.142,38.9057,5.8641,0.0125,0.5031,3,Absent
0.3312,0.2413,0.2908,0.2607,-4.3438,15.1182,-1.177,0.0196,0.0667,0,Attentive
0.1924,0.1582,0.2167,0.573,-6.7066,20.2623,5.8236,0.0457,0.1203,2,Drowsy
0.2937,0.3003,0.3185,0.1945,23.3066,12.2957,0.6538,0.0976,0.4016,1,Distracted
0.2156,0.2132,0.2007,0.1974,5.0239,7.1292,4.8401,0.0249,0.027,2,Drowsy
0.1961,0.1992,0.139,0.5468,22.7106,14.6787,3.1858,0.0337,0.0716,2,Drowsy
0.2819,0.3026,0.2961,0.3084,5.0354,5.3632,-0.0594,0.0151,0.037,0,Attentive
0.1329,0.1362,0.1519,0.6155,1.977,-11.5337,10.0503,0.0339,0.006,2,Drowsy
0.2308,0.2635,0.3434,0.3147,5.1061,22.1672,11.5378,0.0228,0.4217,1,Distracted
0.2818,0.2977,0.3106,0.2709,-11.2081,10.4476,3.2628,0.0338,0.0633,0,Attentive
0.2617,0.2258,0.2824,0.2309,22.3398,2.7972,19.9119,0.0327,0.3862,1,Distracted
0.0223,0.0885,0.0722,0.6023,40.9076,-16.9093,10.3952,0.0,0.5977,3,Absent
0.2815,0.327,0.2794,0.3423,18.4669,4.7973,1.9424,0.0303,0.0828,0,Attentive
0.3334,0.2515,0.2915,0.2664,19.5398,-0.7051,-0.6105,0.0517,0.3352,1,Distracted
0.1441,0.0856,0.0509,0.7203,-18.0456,39.7934,31.0853,0.0859,0.782,3,Absent
0.1258,0.0774,0.1094,0.6655,19.3986,25.2459,29.5632,0.0571,0.6457,3,Absent
0.2691,0.334,0.3338,0.1834,38.9311,2.2314,3.5105,0.0362,0.3287,1,Distracted
0.2966,0.3044,0.281,0.2605,15.2427,-2.4467,7.8591,0.035,0.0255,0,Attentive
0.2064,0.1708,0.1949,0.6177,12.05,26.7224,0.7161,0.0735,0.0484,2,Drowsy
0.265,0.2429,0.2613,0.1891,41.5844,9.1749,-5.2312,0.0133,0.3837,1,Distracted
0.2605,0.1471,0.2125,0.4502,3.5125,17.4131,11.3127,0.0352,0.112,2,Drowsy
0.1446,0.1901,0.2168,0.3671,7.5405,14.9708,-1.3551,0.0372,0.092,2,Drowsy
0.1883,0.2357,0.225,0.3002,28.7824,4.6176,-0.9065,0.0,0.5008,1,Distracted
0.1426,0.0373,0.0109,0.6679,53.4076,27.9648,53.5845,0.06,0.5971,3,Absent
0.3581,0.2831,0.3214,0.3104,48.3663,-17.9996,3.1733,0.0561,0.2928,1,Distracted
0.0875,0.1293,0.1236,0.8036,-13.6286,27.574,-3.0668,0.0201,0.7142,3,Absent
0.2919,0.3502,0.3335,0.185,9.6379,8.6798,-3.7413,0.0282,0.0961,0,Attentive
0.1807,0.279,0.2088,0.4257,-2.5256,0.2009,5.6771,0.0302,0.1469,2,Drowsy
0.2394,0.2102,0.2431,0.2606,37.5426,20.1038,2.3255,0.0124,0.2057,1,Distracted
0.2829,0.2756,0.3162,0.2014,7.6011,7.8657,7.8112,0.033,0.4732,1,Distracted
0.1968,0.1794,0.1746,0.5688,-1.2347,12.6921,0.1552,0.0423,0.0322,2,Drowsy
0.1633,0.166,0.1809,0.475,2.8226,8.1536,-3.5863,0.0533,0.0872,2,Drowsy
0.0659,0.0565,0.1118,0.5959,39.7815,28.3715,2.9989,0.0458,0.3949,3,Absent
0.2939,0.2739,0.2602,0.3258,34.461,-3.192,-6.5887,0.0074,0.5893,1,Distracted
0.3311,0.2847,0.2933,0.2011,-0.5543,5.6411,5.7849,0.0108,0.0761,0,Attentive
0.2855,0.3287,0.299,0.2196,7.7402,5.8675,3.7849,0.0208,0.0489,0,Attentive
0.2491,0.2599,0.2434,0.2675,30.1158,28.5078,-1.9958,0.0321,0.3748,1,Distracted
0.3338,0.2559,0.3048,0.2897,15.3765,0.8138,4.1007,0.0522,0.3964,1,Distracted
0.2904,0.3327,0.3001,0.2835,42.6769,14.525,9.5216,0.0,0.1947,1,Distracted
0.2398,0.2851,0.2672,0.2906,35.2682,0.1334,8.7613,0.029,0.2511,1,Distracted
0.1697,0.1361,0.0976,0.7475,-14.058,30.9228,26.2755,0.0,0.703,3,Absent
0.0389,0.0408,0.0799,0.4633,-2.4537,22.0329,13.4679,0.0557,0.541,3,Absent
0.0673,0.1715,0.1699,0.425,8.2283,15.0097,8.9515,0.0489,0.008,2,Drowsy
0.3115,0.2088,0.3326,0.3266,29.1928,22.3718,3.4731,0.0208,0.3975,1,Distracted
0.2999,0.3054,0.294,0.1592,24.5974,9.7031,7.9233,0.0453,0.3644,1,Distracted
0.0974,0.0687,0.0846,0.5896,26.3328,24.7076,37.7746,0.0386,0.5132,3,Absent
0.3393,0.2935,0.3234,0.3318,13.4935,-4.645,0.7316,0.0165,0.0647,0,Attentive
0.2568,0.2845,0.2968,0.272,13.1437,2.8292,-5.1111,0.0284,0.0726,0,Attentive
0.2898,0.2698,0.2203,0.275,44.8811,19.4563,8.0262,0.0192,0.1523,1,Distracted
0.1272,0.2195,0.1842,0.4715,-2.5836,-3.708,8.8131,0.0408,0.1163,2,Drowsy
0.0938,0.0419,0.1186,0.7691,5.8117,27.9819,25.4999,0.0359,0.4908,3,Absent
0.3621,0.2118,0.2581,0.2775,33.2422,20.0641,-1.347,0.0352,0.2922,1,Distracted
0.2672,0.2645,0.2878,0.3658,31.3629,11.7044,9.3612,0.0411,0.2886,1,Distracted
0.3019,0.313,0.2196,0.2704,31.6387,7.1943,1.3038,0.0231,0.435,1,Distracted
0.2507,0.2441,0.2577,0.2575,34.414,12.3546,-17.1302,0.0138,0.3108,1,Distracted
0.348,0.3211,0.3133,0.2583,-8.0561,-0.3853,6.2089,0.0095,0.0,0,Attentive
0.2268,0.2503,0.2984,0.2805,46.3153,11.8125,2.8853,0.073,0.3406,1,Distracted
0.1676,0.0829,0.0393,0.827,-6.9297,-32.4257,24.2326,0.0773,0.6328,3,Absent
0.1288,0.0498,0.0331,0.6326,-4.5424,15.8383,11.6324,0.0,0.6561,3,Absent
0.2936,0.2656,0.2713,0.2824,21.2865,2.3313,-5.7097,0.0115,0.3594,1,Distracted
0.1949,0.1437,0.1546,0.5845,-0.907,15.6373,10.2766,0.0253,0.0444,2,Drowsy
0.2804,0.2565,0.2537,0.2201,18.2962,1.2028,3.9544,0.0321,0.3229,1,Distracted
0.3558,0.274,0.287,0.276,25.1398,26.2353,1.8338,0.0075,0.3049,1,Distracted
0.0575,0.118,0.0706,0.7361,2.1391,10.505,26.3232,0.0946,0.543,3,Absent
0.19,0.0515,0.2078,0.5618,3.678,8.6719,4.3682,0.0243,0.0973,2,Drowsy
0.1546,0.2058,0.2095,0.4149,4.142,2.8118,12.2582,0.0376,0.0431,2,Drowsy
0.1985,0.2068,0.1432,0.4121,2.6573,1.1368,-4.3728,0.0298,0.1342,2,Drowsy
0.2669,0.3246,0.3046,0.229,-12.2374,13.1109,-4.1384,0.0141,0.0608,0,Attentive
0.3148,0.3055,0.2785,0.285,-1.6051,3.8541,14.8004,0.019,0.0845,0,Attentive
0.3262,0.3747,0.2668,0.2025,30.1163,10.14,8.3827,0.0182,0.5055,1,Distracted
0.1474,0.164,0.21,0.5376,-2.9281,15.9836,1.9834,0.0642,0.0387,2,Drowsy
0.3055,0.3423,0.2562,0.2859,35.4723,12.6389,-3.7277,0.0322,0.2074,1,Distracted
0.3146,0.2536,0.3271,0.2264,2.2509,12.2806,-4.4358,0.006,0.0325,0,Attentive
0.2879,0.2846,0.2881,0.2843,19.7214,-3.178,-8.2856,0.0464,0.4328,1,Distracted
0.2914,0.2193,0.139,0.3733,22.2281,6.2849,4.2376,0.0208,0.1426,2,Drowsy
0.3283,0.2908,0.2485,0.2552,38.4366,8.1141,10.6337,0.0,0.2006,1,Distracted
0.1001,0.0868,0.139,0.6677,23.9523,21.9759,21.7636,0.0352,0.5071,3,Absent
0.0398,0.2143,0.0971,0.6729,17.9231,38.1265,46.335,0.03,0.5306,3,Absent
0.3139,0.259,0.3212,0.1884,7.4184,7.3794,-1.4839,0.0258,0.0578,0,Attentive
0.2821,0.2283,0.2897,0.2957,7.301,5.9973,0.6,0.0072,0.0655,0,Attentive
0.2216,0.1663,0.1963,0.5922,5.759,7.0962,4.9696,0.0413,0.1298,2,Drowsy
0.1294,0.2314,0.2147,0.589,2.734,4.0311,4.4201,0.0383,0.0539,2,Drowsy
0.2687,0.3276,0.3158,0.2927,30.9256,19.6093,8.8814,0.0163,0.2172,1,Distracted
0.2237,0.2281,0.326,0.3228,22.6884,16.0729,13.8071,0.0294,0.6099,1,Distracted
0.3457,0.3221,0.3445,0.1672,-1.1956,-2.1471,5.6074,0.0095,0.0727,0,Attentive
0.2461,0.3498,0.2725,0.2198,30.6904,-3.0045,13.6033,0.0161,0.4029,1,Distracted
0.0594,0.0424,0.0785,0.5678,-11.8255,4.1729,34.6531,0.0574,0.5925,3,Absent
0.2814,0.295,0.2882,0.151,8.9833,-4.5092,3.1962,0.0407,0.0224,0,Attentive
0.3567,0.219,0.2396,0.3313,38.1715,23.1378,4.9072,0.0126,0.3286,1,Distracted
0.2576,0.2116,0.1695,0.4433,-2.6609,15.0536,6.8314,0.0297,0.0383,2,Drowsy
0.2606,0.3495,0.2459,0.1995,53.3358,21.9676,7.5927,0.0291,0.3061,1,Distracted
0.1131,0.1134,0.0691,0.6805,8.2958,45.122,28.7305,0.0825,0.7088,3,Absent
0.2655,0.2148,0.2798,0.2978,7.1356,1.4494,1.8885,0.0131,0.0561,0,Attentive
0.2729,0.2535,0.3064,0.3052,6.8013,2.9832,-0.9464,0.0091,0.075,0,Attentive
0.2704,0.3107,0.2732,0.282,29.3177,8.1835,13.048,0.0318,0.3635,1,Distracted
0.3445,0.3279,0.264,0.1723,51.6269,23.5939,-3.1973,0.0602,0.3882,1,Distracted
0.227,0.3338,0.3215,0.3339,26.6748,13.4245,-2.6642,0.0482,0.3426,1,Distracted
0.1687,0.1635,0.2059,0.5418,8.4619,7.1361,4.7009,0.058,0.1172,2,Drowsy
0.1427,0.2544,0.1891,0.4519,-2.8443,17.4363,6.5864,0.0526,0.0597,2,Drowsy
0.2072,0.1346,0.1691,0.5656,-1.7456,6.9756,-3.871,0.0801,0.1305,2,Drowsy
0.2676,0.2731,0.2245,0.3014,42.7713,14.9354,11.2324,0.034,0.3979,1,Distracted
0.1682,0.1039,0.0571,0.6167,39.0127,8.9572,-2.7843,0.0077,0.2042,3,Absent
0.257,0.3099,0.2796,0.2317,7.0342,6.6501,8.6848,0.0192,0.0592,0,Attentive
0.2757,0.3056,0.2803,0.2602,8.4539,9.7375,-4.1309,0.042,0.073,0,Attentive
0.2458,0.2326,0.2864,0.1688,40.5458,8.9081,11.8078,0.0166,0.3297,1,Distracted
0.2063,0.3322,0.2847,0.2769,38.3762,6.5502,6.3622,0.0182,0.4774,1,Distracted
0.2083,0.2307,0.1665,0.5619,21.7696,8.5302,7.9244,0.0282,0.0808,2,Drowsy
0.052,0.0046,0.0653,0.7617,42.7063,56.59,35.2998,0.0141,0.4683,3,Absent
0.2182,0.3261,0.2771,0.258,37.2248,16.319,-0.4264,0.0137,0.415,1,Distracted
0.1085,0.1198,0.1185,0.6302,21.5226,42.329,17.155,0.0676,0.7241,3,Absent
0.1736,0.261,0.1765,0.4058,-1.1668,-5.8144,8.1081,0.0,0.0798,2,Drowsy
0.3164,0.3002,0.2891,0.2445,2.2931,0.4099,0.706,0.036,0.0668,0,Attentive
0.2172,0.1997,0.2135,0.369,-2.4432,8.1622,-3.6611,0.0346,0.0901,2,Drowsy
0.2879,0.3597,0.2792,0.2225,1.8238,8.8851,3.039,0.0071,0.034,0,Attentive
0.3547,0.2242,0.2864,0.2841,1.2725,7.3268,7.6905,0.0371,0.4404,1,Distracted
0.1219,0.04,0.1216,0.586,17.0462,13.5002,1.3633,0.0971,0.5596,3,Absent
0.2575,0.2228,0.3216,0.32,34.6614,23.6433,8.9752,0.0135,0.2461,1,Distracted
0.2035,0.2034,0.1848,0.6033,10.9759,3.1434,1.0541,0.0224,0.1021,2,Drowsy
0.1727,0.0038,0.1478,0.6152,30.276,15.1151,6.5695,0.0645,0.7584,3,Absent
0.2785,0.2615,0.3244,0.1447,12.2287,12.7044,0.4891,0.0,0.0392,0,Attentive
0.0981,0.036,0.1012,0.6797,31.0054,18.4369,24.7409,0.0482,0.6948,3,Absent
0.186,0.1492,0.1648,0.6758,13.8277,-3.7907,-7.8348,0.0415,0.1157,2,Drowsy
0.0657,0.1684,0.2122,0.3441,9.7314,17.2459,-12.5395,0.037,0.0,2,Drowsy
0.2787,0.2328,0.2397,0.4067,24.6732,6.7696,2.7966,0.0216,0.4121,1,Distracted
0.0348,0.1276,0.0474,0.7472,6.3215,25.2374,2.283,0.0734,0.3033,3,Absent
0.2549,0.3228,0.3021,0.1771,0.5263,-2.2651,3.5959,0.0334,0.0,0,Attentive
0.2547,0.3362,0.2955,0.1727,26.0239,-7.8494,11.9797,0.0295,0.1272,1,Distracted
0.0953,0.0332,0.106,0.6132,31.9504,28.7898,12.0839,0.1013,0.4169,3,Absent
0.2528,0.2917,0.3265,0.2446,24.6627,10.9749,3.64,0.043,0.3047,1,Distracted
0.0315,0.0999,0.0682,0.7489,15.8462,61.4652,37.7774,0.0405,0.4596,3,Absent
0.2929,0.3023,0.2872,0.1448,19.3374,4.0873,3.9907,0.0194,0.0279,0,Attentive
0.2022,0.1749,0.2071,0.4786,18.4356,7.2124,10.715,0.0575,0.1094,2,Drowsy
0.2337,0.2527,0.3203,0.2509,36.721,-0.7565,7.0195,0.0208,0.4547,1,Distracted
0.2551,0.2725,0.3331,0.2415,3.6366,8.3118,5.4816,0.0228,0.0437,0,Attentive
0.313,0.324,0.3189,0.3094,8.6664,5.4601,7.3508,0.0197,0.0235,0,Attentive
0.0689,0.1509,0.0704,0.8004,9.7274,12.6367,20.7774,0.097,0.5076,3,Absent
0.1478,0.0762,0.0423,0.6403,57.65,34.9845,21.6089,0.0789,0.8581,3,Absent
0.079,0.1529,0.1235,0.8842,23.9896,6.8459,9.7138,0.0144,0.7034,3,Absent
0.2553,0.2533,0.1282,0.339,-4.0303,0.4485,5.6173,0.0287,0.1629,2,Drowsy
0.0828,0.2235,0.1983,0.4221,8.5018,0.1754,4.3619,0.0559,0.0,2,Drowsy
0.1664,0.177,0.181,0.4195,2.3749,4.7713,8.2833,0.0439,0.1703,2,Drowsy
0.3456,0.3163,0.2552,0.4126,38.9239,1.6488,14.9175,0.0716,0.3467,1,Distracted
0.3336,0.3382,0.2957,0.3049,5.8613,3.4515,6.5327,0.0207,0.1117,0,Attentive
0.2631,0.3218,0.2842,0.235,48.86,11.9366,5.0176,0.0336,0.2429,1,Distracted
0.3058,0.2777,0.267,0.2194,2.7037,-0.0051,-1.4621,0.0059,0.0475,0,Attentive
0.2047,0.1023,0.1499,0.3413,-3.635,11.3243,9.1778,0.0469,0.0709,2,Drowsy
0.2849,0.26,0.3034,0.3921,25.9484,-6.6513,-7.0104,0.027,0.2837,1,Distracted
0.1543,0.1988,0.1698,0.2511,11.4878,16.7595,13.1897,0.0484,0.0701,2,Drowsy
0.0736,0.1919,0.2127,0.4725,9.8121,10.8565,-2.1732,0.0223,0.0672,2,Drowsy
0.2902,0.2108,0.2528,0.21,10.8199,9.9708,0.2131,0.0825,0.3331,1,Distracted
0.2717,0.3308,0.3253,0.2631,27.4296,1.3557,9.1567,0.0259,0.3114,1,Distracted
0.2893,0.2958,0.3185,0.1545,13.5464,3.5088,-0.0575,0.0191,0.0489,0,Attentive
0.2281,0.158,0.1897,0.4656,-4.566,15.7287,6.8014,0.0003,0.0911,2,Drowsy
0.3256,0.2672,0.3223,0.2586,7.426,-5.2292,-2.4753,0.026,0.0215,0,Attentive
0.2134,0.2165,0.1566,0.3083,8.651,-4.5868,4.7601,0.0311,0.1287,2,Drowsy
0.3245,0.3286,0.3305,0.3601,0.1513,3.767,-0.0822,0.02,0.096,0,Attentive
0.1999,0.2539,0.2461,0.317,26.919,18.878,13.3909,0.0456,0.3285,1,Distracted
0.0305,0.0266,0.1016,0.6883,6.1344,3.6319,32.2548,0.0607,0.2773,3,Absent
0.2206,0.3043,0.3271,0.2695,51.322,8.1031,10.0975,0.0,0.5919,1,Distracted
0.0712,0.0624,0.08,0.5414,38.0989,32.5104,12.9142,0.0356,0.4341,3,Absent
0.1103,0.1458,0.1719,0.4477,-1.3607,15.2962,13.8997,0.0437,0.0834,2,Drowsy
0.2532,0.3246,0.3106,0.2017,-1.3086,-0.2673,-5.4149,0.0118,0.016,0,Attentive
0.2317,0.1906,0.1662,0.4778,12.8986,11.6404,13.112,0.0617,0.1009,2,Drowsy
0.3371,0.3327,0.3152,0.1954,0.4687,11.4917,2.7086,0.0432,0.0618,0,Attentive
0.2722,0.3066,0.2866,0.3765,22.5728,18.8106,5.2838,0.0439,0.3063,1,Distracted
0.283,0.3776,0.2905,0.2433,25.0113,5.0823,18.0638,0.022,0.4407,1,Distracted
0.242,0.2313,0.2939,0.2422,16.1543,19.7134,13.3706,0.0611,0.3687,1,Distracted
0.3442,0.2743,0.2906,0.3625,30.1509,30.3553,16.9526,0.0274,0.2922,1,Distracted
0.18,0.218,0.1679,0.4442,0.3731,27.7274,5.2662,0.0293,0.0139,2,Drowsy
0.3157,0.2738,0.2165,0.2788,36.2196,21.6722,14.5307,0.0163,0.4301,1,Distracted
0.2614,0.3088,0.3036,0.2193,4.1279,14.1204,5.477,0.0086,0.0467,0,Attentive
0.1917,0.1931,0.162,0.5284,-7.1848,6.0448,6.7793,0.0342,0.0717,2,Drowsy
0.2025,0.2219,0.1928,0.5325,-2.9844,4.0687,10.7324,0.0712,0.0341,2,Drowsy
0.3109,0.2602,0.2756,0.2469,17.9668,1.4256,6.1893,0.0365,0.3649,1,Distracted
0.1696,0.1955,0.2087,0.5503,17.487,5.3645,-2.8202,0.0472,0.1554,2,Drowsy
0.0202,0.057,0.112,0.6462,25.4052,15.7548,2.2848,0.0428,0.3455,3,Absent
0.1531,0.1365,0.1875,0.3733,-0.2076,10.0677,2.3676,0.0862,0.077,2,Drowsy
0.2971,0.2875,0.2764,0.2804,-7.5371,8.4322,-3.0111,0.0125,0.006,0,Attentive
0.1886,0.2109,0.1797,0.4202,9.809,23.1316,5.5029,0.0297,0.0724,2,Drowsy
0.1285,0.0349,0.0849,0.6565,37.022,36.3405,23.3516,0.0606,0.3403,3,Absent
0.0193,0.0,0.1553,0.5033,29.4985,42.6604,16.7712,0.032,0.2648,3,Absent
0.2858,0.2807,0.3424,0.2579,34.6459,24.6344,5.8821,0.0527,0.2589,1,Distracted
0.1041,0.0838,0.0762,0.5364,52.6185,-1.9509,19.947,0.0613,0.7809,3,Absent
0.2773,0.2817,0.2648,0.2038,-7.8135,-3.8311,7.2682,0.0105,0.129,0,Attentive
0.3108,0.2612,0.3143,0.2725,-11.9585,-5.1325,0.5843,0.017,0.0137,0,Attentive
0.2591,0.2501,0.2272,0.3395,32.9035,-2.4634,0.0411,0.0127,0.3543,1,Distracted
0.1823,0.1745,0.1481,0.4439,5.9301,11.2173,4.9014,0.0353,0.0777,2,Drowsy
0.3462,0.2834,0.2937,0.2123,6.0612,10.8745,-6.7139,0.0241,0.0417,0,Attentive
0.0709,0.0107,0.0405,0.7098,20.5341,9.6421,30.8913,0.0134,0.4777,3,Absent
0.2906,0.3039,0.2405,0.1585,7.9277,10.2603,-2.5524,0.0176,0.0588,0,Attentive
0.3471,0.309,0.3241,0.2857,25.3134,9.4213,0.1715,0.0612,0.429,1,Distracted
0.0498,0.0531,0.0809,0.7548,-4.6376,27.5803,9.4312,0.0403,0.9503,3,Absent
0.238,0.2411,0.2642,0.2346,37.6871,-9.4653,-1.7076,0.0608,0.2572,1,Distracted
0.1174,0.1258,0.0644,0.8298,32.5224,21.891,28.2129,0.1276,0.3162,3,Absent
0.309,0.3376,0.3176,0.314,47.8237,-0.8165,-4.0136,0.0331,0.3569,1,Distracted
0.2358,0.2204,0.2851,0.3497,32.7815,-5.0575,10.0397,0.0637,0.2854,1,Distracted
0.2589,0.2801,0.2732,0.3563,37.6089,18.549,5.0564,0.0511,0.3898,1,Distracted
0.1419,0.0387,0.1491,0.4955,34.0672,-1.0775,11.2115,0.0528,0.4527,3,Absent
0.1812,0.1908,0.1804,0.3474,4.1972,-2.6786,3.3796,0.0727,0.1129,2,Drowsy
0.158,0.2353,0.2216,0.5682,0.0407,0.3,4.4101,0.037,0.0556,2,Drowsy
0.0718,0.1045,0.0066,0.5162,5.6401,13.1815,4.4437,0.06,0.5663,3,Absent
0.0885,0.0495,0.082,0.6319,17.542,19.6429,3.8188,0.0585,0.2683,3,Absent
0.1416,0.1946,0.1413,0.5036,-5.5533,5.4479,-3.1586,0.0965,0.0138,2,Drowsy
0.2535,0.1103,0.2048,0.259,-2.3227,20.4882,8.1568,0.0291,0.0592,2,Drowsy
0.2461,0.3127,0.3123,0.3311,19.2104,5.3405,9.9379,0.0308,0.2426,1,Distracted
0.0907,0.0267,0.0362,0.6972,18.2871,34.0581,9.9011,0.0326,0.6347,3,Absent
0.1203,0.0085,0.1414,0.321,58.7184,15.6904,12.7252,0.0482,0.627,3,Absent
0.3122,0.2761,0.3073,0.2443,29.9292,-3.1249,6.4485,0.0365,0.4679,1,Distracted
0.3119,0.3169,0.3123,0.3131,21.3286,27.0097,15.8265,0.0253,0.3129,1,Distracted
0.2415,0.2974,0.256,0.1907,23.8552,2.491,8.1296,0.053,0.2027,1,Distracted
0.3224,0.3098,0.3569,0.2074,7.1448,-0.7044,-2.3464,0.0199,0.0541,0,Attentive
0.1344,0.0,0.0947,0.6772,-15.8221,6.7187,-6.9618,0.0282,0.6598,3,Absent
0.2678,0.2534,0.3204,0.2688,-4.2164,-3.0876,7.6272,0.0081,0.0993,0,Attentive
0.0109,0.1321,0.089,0.5958,60.8883,-4.7237,26.7073,0.0467,0.707,3,Absent
0.2855,0.2975,0.3061,0.2976,7.2152,1.6639,1.009,0.0251,0.0882,0,Attentive
0.2814,0.2548,0.2749,0.1909,10.9678,-1.8878,2.6209,0.0162,0.0119,0,Attentive
0.1645,0.167,0.1733,0.4351,-2.2518,9.1457,9.378,0.0463,0.0356,2,Drowsy
0.2374,0.2384,0.185,0.3341,-4.4202,-8.6948,-1.4183,0.0414,0.0576,2,Drowsy
0.2941,0.3091,0.3044,0.1578,-4.1225,2.5515,4.6815,0.0,0.0451,0,Attentive
0.1496,0.1901,0.1402,0.261,5.7568,8.1699,1.1441,0.0143,0.0916,2,Drowsy
0.1319,0.1265,0.1957,0.4094,2.6733,5.1225,11.603,0.0652,0.0305,2,Drowsy
0.3387,0.3202,0.2965,0.1888,1.3278,-2.9536,-0.9026,0.0259,0.1001,0,Attentive
0.0874,0.1254,0.1456,0.4367,20.4619,27.3447,18.548,0.0803,0.6811,3,Absent
0.2645,0.3495,0.295,0.3003,33.4592,9.3171,3.4195,0.024,0.4031,1,Distracted
0.15,0.1905,0.1279,0.3684,-2.7931,6.2288,-0.0207,0.072,0.1519,2,Drowsy
0.2975,0.3335,0.3086,0.2728,7.5581,6.134,5.2136,0.0333,0.0559,0,Attentive
0.154,0.23,0.1624,0.3955,1.824,3.0235,8.1108,0.0453,0.0604,2,Drowsy
0.2947,0.3025,0.2908,0.171,-3.5431,5.7385,4.9089,0.0198,0.0847,0,Attentive
0.0603,0.0099,0.0644,0.7832,22.3393,-3.2956,1.5033,0.0876,0.6476,3,Absent
0.2994,0.2769,0.2557,0.2157,-1.9377,3.7494,0.2743,0.0269,0.0316,0,Attentive
0.1725,0.1228,0.2275,0.433,8.2989,13.3818,0.8585,0.036,0.1334,2,Drowsy
0.2849,0.2955,0.2808,0.1936,5.4792,-5.9151,-0.0731,0.01,0.0665,0,Attentive
0.068,0.0584,0.0822,0.6406,24.1538,34.1465,22.1163,0.0786,0.3805,3,Absent
0.1181,0.0124,0.0311,0.4462,21.1456,14.8882,11.6561,0.039,0.3553,3,Absent
0.1794,0.1566,0.167,0.4176,2.1865,15.3774,3.351,0.0605,0.1415,2,Drowsy
0.0833,0.0412,0.0372,0.7694,9.237,18.4719,3.9477,0.0276,0.5246,3,Absent
0.2612,0.1282,0.1821,0.2686,0.5859,10.4912,6.5629,0.0518,0.0959,2,Drowsy
0.2888,0.2557,0.3064,0.3446,-4.0698,-2.4112,-2.3536,0.0272,0.0635,0,Attentive
0.2535,0.2567,0.2638,0.3224,46.511,9.0197,4.5136,0.0393,0.4068,1,Distracted
0.0796,0.0491,0.1167,0.6469,-3.0024,-2.4957,14.7482,0.0,0.4464,3,Absent
0.1713,0.1674,0.1881,0.3747,15.8089,-3.8098,6.2244,0.0528,0.0496,2,Drowsy
0.269,0.2337,0.2165,0.2492,45.7719,22.562,12.1263,0.0137,0.2346,1,Distracted
0.0828,0.1332,0.0634,0.4123,13.4503,-4.3965,19.9881,0.0,0.3523,3,Absent
0.303,0.2682,0.2638,0.2988,41.8852,23.9784,12.147,0.0192,0.3398,1,Distracted
0.2929,0.2181,0.2871,0.2916,55.1175,-5.6497,1.3947,0.0465,0.3835,1,Distracted
0.3271,0.2963,0.2319,0.2516,70.3166,17.2449,19.2157,0.0579,0.3742,1,Distracted
0.1682,0.1296,0.2026,0.4983,9.5658,1.8554,-5.9179,0.0493,0.0534,2,Drowsy
0.1593,0.2007,0.1926,0.5021,0.4583,9.9085,4.3067,0.0338,0.0898,2,Drowsy
0.1646,0.1448,0.1448,0.3436,9.2725,2.058,-1.1651,0.0543,0.0931,2,Drowsy
0.2943,0.2828,0.293,0.279,14.2962,-1.397,2.4947,0.0234,0.0202,0,Attentive
0.2641,0.2831,0.3215,0.2954,27.0568,13.99,15.2453,0.0483,0.4048,1,Distracted
0.1763,0.0508,0.1379,0.6343,-1.2607,12.9018,-0.3719,0.0243,0.3729,3,Absent
0.0,0.0127,0.0804,0.7641,43.5266,16.7434,27.7299,0.0522,0.2437,3,Absent
0.239,0.2846,0.33,0.3473,37.7491,6.7683,6.6129,0.0196,0.5218,1,Distracted
0.1977,0.1298,0.1567,0.5258,-10.039,15.2253,-6.0599,0.0054,0.06,2,Drowsy
0.3314,0.261,0.2808,0.1573,19.1829,16.0981,7.2663,0.0651,0.4843,1,Distracted
0.2806,0.2676,0.3422,0.2941,2.9362,13.3596,2.3868,0.0114,0.0957,0,Attentive
0.1511,0.1569,0.1534,0.3633,9.548,-1.444,2.6724,0.0219,0.0218,2,Drowsy
0.2969,0.1994,0.2841,0.213,37.0542,-1.4294,-2.1097,0.0621,0.4569,1,Distracted
0.1693,0.1828,0.1873,0.386,-5.7497,-8.4011,10.3359,0.0499,0.0945,2,Drowsy
0.218,0.3402,0.3352,0.2811,50.8751,4.4832,-6.1975,0.0148,0.5229,1,Distracted
0.2893,0.3647,0.2507,0.2641,47.9275,9.8214,2.9924,0.0413,0.3773,1,Distracted
0.2066,0.211,0.1671,0.402,-8.7534,12.1858,9.4119,0.0723,0.0922,2,Drowsy
0.2497,0.339,0.2294,0.2599,26.6466,-1.5954,3.3199,0.0127,0.3513,1,Distracted
0.1565,0.1464,0.241,0.4488,3.7075,12.4161,6.8465,0.0,0.0541,2,Drowsy
0.3765,0.3159,0.3037,0.3091,21.7492,9.0952,6.7441,0.0213,0.0458,0,Attentive
0.1189,0.0,0.0781,0.5473,47.0245,29.2133,17.8108,0.037,0.6294,3,Absent
0.0074,0.0359,0.0397,0.5846,1.2428,-1.0893,33.502,0.0297,0.1038,3,Absent
0.3174,0.2948,0.2409,0.2775,46.6459,-2.5826,8.8193,0.0765,0.4562,1,Distracted
0.1231,0.2034,0.1907,0.424,-3.0723,13.5519,-0.862,0.0827,0.0846,2,Drowsy
0.117,0.0971,0.0459,0.6746,34.2698,11.2065,16.4278,0.0456,0.8825,3,Absent
0.3204,0.2959,0.287,0.233,6.4265,3.5401,-0.9691,0.0183,0.0524,0,Attentive
0.1828,0.1699,0.1967,0.4544,2.9375,5.1487,4.388,0.0444,0.0404,2,Drowsy
0.2845,0.3029,0.2884,0.2283,0.5266,4.5549,-0.3937,0.0326,0.0232,0,Attentive
0.2252,0.285,0.3299,0.2096,1.2122,-4.3139,10.9196,0.0368,0.0235,0,Attentive
0.1252,0.0565,0.1286,0.5604,30.8078,0.4282,27.3736,0.0763,0.6437,3,Absent
0.3105,0.2731,0.2878,0.3037,6.9712,17.5255,7.9006,0.0314,0.0084,0,Attentive
0.3068,0.3227,0.3129,0.2762,19.9517,0.0106,6.6358,0.0368,0.2401,1,Distracted
0.3115,0.3166,0.2455,0.377,23.4213,12.1282,4.9379,0.0265,0.4839,1,Distracted
0.2673,0.335,0.3082,0.1034,22.951,19.4439,5.9099,0.0095,0.2866,1,Distracted
0.0257,0.1403,0.0632,0.561,49.1233,32.2248,10.5419,0.0628,0.5028,3,Absent
0.0297,0.11,0.0504,0.6806,24.7574,55.5259,18.759,0.0257,0.258,3,Absent
0.1568,0.1813,0.1463,0.3365,-16.9238,21.9779,6.7787,0.0377,0.0533,2,Drowsy
0.1427,0.1698,0.0294,0.5296,17.4118,-12.5664,15.2285,0.0856,0.2623,3,Absent
0.1813,0.0888,0.1197,0.6111,3.6475,30.7654,13.9302,0.075,0.6206,3,Absent
0.2768,0.2929,0.2879,0.2541,21.5173,-10.0709,5.4313,0.0039,0.0358,0,Attentive
0.0899,0.1137,0.0957,0.744,28.3632,1.0332,18.2376,0.0331,0.3281,3,Absent
0.1057,0.2063,0.1713,0.3126,3.3746,13.8204,3.2551,0.0243,0.0711,2,Drowsy
0.169,0.2177,0.1898,0.3617,4.466,18.4667,3.2542,0.0193,0.0165,2,Drowsy
0.2521,0.2152,0.241,0.2844,27.1361,11.9497,1.6825,0.0088,0.2323,1,Distracted
0.2739,0.3022,0.3185,0.1928,3.6998,4.6313,-1.5903,0.0141,0.0569,0,Attentive
0.2373,0.2949,0.2934,0.23,2.0829,4.8499,1.2494,0.0074,0.0646,0,Attentive
0.2357,0.268,0.2533,0.303,23.1069,23.2979,-5.0535,0.0139,0.5177,1,Distracted
0.175,0.1931,0.1473,0.4312,7.9436,5.3966,10.5449,0.0098,0.1249,2,Drowsy
0.2732,0.2884,0.2956,0.105,16.3708,-3.3096,4.5287,0.0191,0.0877,0,Attentive
0.2241,0.2914,0.3275,0.3479,-6.8364,6.4769,-0.3266,0.0189,0.1293,0,Attentive
0.2695,0.2995,0.3077,0.4206,36.7372,-0.4419,10.0876,0.0673,0.3177,1,Distracted
0.1808,0.2096,0.1729,0.3563,1.6081,19.3187,12.4253,0.0,0.1236,2,Drowsy
0.2806,0.276,0.2879,0.2023,3.9814,14.3727,3.6154,0.0175,0.0412,0,Attentive
0.2878,0.2701,0.3163,0.2929,1.123,3.2677,-5.243,0.017,0.0485,0,Attentive
0.0588,0.1006,0.0753,0.8666,30.5554,6.1488,9.2688,0.0514,0.8099,3,Absent
0.3249,0.3353,0.2562,0.2909,38.533,13.7365,3.4245,0.0556,0.161,1,Distracted
0.3009,0.2583,0.2733,0.1996,24.7806,19.6613,5.1972,0.0223,0.3384,1,Distracted
0.0514,0.0935,0.0747,0.5762,29.0519,16.884,-2.6761,0.0,0.7078,3,Absent
0.1627,0.1135,0.2324,0.4206,-4.4408,4.6835,0.0189,0.0261,0.0711,2,Drowsy
0.1037,0.0529,0.2245,0.7938,36.8002,14.7055,7.498,0.0416,0.7663,3,Absent
0.264,0.2863,0.2799,0.216,19.8912,-0.0532,0.661,0.0373,0.2704,1,Distracted
0.0659,0.0954,0.1347,0.4718,6.9569,22.7133,18.7503,0.0831,0.7234,3,Absent
0.2849,0.2835,0.2544,0.2947,20.09,0.5509,8.8748,0.0097,0.4038,1,Distracted
0.3556,0.2895,0.2506,0.2932,30.7749,13.2476,8.4834,0.0542,0.3476,1,Distracted
0.2944,0.252,0.3569,0.1883,-5.2557,-0.0818,8.4404,0.0201,0.0129,0,Attentive
0.3132,0.2949,0.2877,0.3419,58.0822,0.4696,11.4688,0.0283,0.337,1,Distracted
0.2471,0.1431,0.2128,0.2977,7.3992,7.4295,10.2148,0.0634,0.1028,2,Drowsy
0.1426,0.0927,0.1334,0.6281,32.6729,-6.4379,8.9974,0.0118,0.475,3,Absent
0.2867,0.2735,0.2957,0.3356,-7.9752,-8.2949,9.3559,0.0179,0.0299,0,Attentive
0.276,0.2549,0.304,0.3352,34.0594,12.3054,-7.9663,0.0216,0.4505,1,Distracted
0.0797,0.0531,0.0389,0.5184,34.5271,27.6982,14.2011,0.0652,0.5785,3,Absent
0.1141,0.1778,0.1665,0.3226,6.3281,1.4109,0.4255,0.0359,0.057,2,Drowsy
0.2359,0.2626,0.2987,0.259,14.9363,5.2731,-1.421,0.0353,0.3819,1,Distracted
0.2589,0.2391,0.27,0.3775,18.6599,26.9231,3.4417,0.0307,0.2413,1,Distracted
0.2479,0.2595,0.2028,0.5358,6.0075,10.9284,-3.9873,0.0385,0.0448,2,Drowsy
0.2531,0.3265,0.2981,0.241,28.5449,5.0913,-1.759,0.0157,0.0845,0,Attentive
0.2167,0.1963,0.0772,0.3187,-13.499,9.4029,5.2024,0.0457,0.0416,2,Drowsy
0.3162,0.3067,0.27,0.3042,4.6824,4.3888,1.9541,0.0148,0.0565,0,Attentive
0.1767,0.2026,0.2138,0.4823,12.8447,5.6267,-0.9857,0.0387,0.0882,2,Drowsy
0.2492,0.1128,0.1897,0.6587,5.0298,-1.8827,0.908,0.0441,0.1332,2,Drowsy
0.1389,0.1597,0.174,0.4907,9.1154,15.1427,8.0793,0.0451,0.0966,2,Drowsy
0.2948,0.3265,0.3163,0.1712,14.8123,12.6606,-1.1278,0.024,0.0648,0,Attentive
0.2877,0.3235,0.2632,0.1869,-3.207,3.5527,-1.2054,0.0266,0.0808,0,Attentive
0.3299,0.3338,0.2718,0.2088,12.5287,1.972,-9.0989,0.006,0.0425,0,Attentive
0.293,0.2575,0.2895,0.2329,-3.4182,1.871,4.0203,0.0389,0.0552,0,Attentive
0.1832,0.1132,0.0716,0.7338,10.6122,7.9898,35.4496,0.0157,0.4792,3,Absent
0.2214,0.2615,0.2243,0.3705,5.1331,5.1184,14.1454,0.0621,0.0724,2,Drowsy
0.0815,0.0984,0.0943,0.6131,-0.9765,5.058,28.5346,0.0282,0.4679,3,Absent
0.0742,0.0927,0.087,0.6344,28.076,7.325,22.1585,0.0,0.2904,3,Absent
0.0,0.1158,0.0751,0.6173,15.164,20.2112,22.8412,0.0484,0.2777,3,Absent
0.3313,0.2759,0.2499,0.3208,31.344,16.205,-11.3764,0.0301,0.304,1,Distracted
0.3041,0.3051,0.2219,0.373,41.1633,17.497,0.448,0.0424,0.4626,1,Distracted
0.2676,0.2947,0.31,0.268,7.0343,5.0368,-0.535,0.0149,0.014,0,Attentive
0.133,0.1783,0.1659,0.5188,9.3208,16.8064,-2.2965,0.048,0.0509,2,Drowsy
0.0964,0.045,0.1439,0.4459,28.5651,0.8411,8.888,0.0562,0.6011,3,Absent
0.0392,0.0,0.0824,0.6187,34.0947,17.8494,0.6754,0.1001,0.6371,3,Absent
0.2201,0.18,0.1192,0.4142,2.4006,13.9432,-6.3514,0.0408,0.1005,2,Drowsy
0.3088,0.3528,0.2771,0.3189,27.9872,34.5237,16.9018,0.0302,0.3887,1,Distracted
0.1148,0.1627,0.0545,0.636,27.8172,45.8663,17.3973,0.0559,0.5859,3,Absent
0.2768,0.3322,0.255,0.2643,6.9672,27.3476,-1.4228,0.0365,0.3399,1,Distracted
0.0474,0.0785,0.0978,0.8831,-3.7199,32.9747,25.4247,0.0309,0.6699,3,Absent
0.1694,0.1329,0.149,0.5877,5.6085,0.2768,1.0524,0.0247,0.0783,2,Drowsy
0.1344,0.1276,0.1482,0.4848,8.1591,12.8256,-3.4434,0.04,0.039,2,Drowsy
0.3119,0.2776,0.293,0.1799,2.1349,10.7847,5.4265,0.034,0.0409,0,Attentive
0.2846,0.2931,0.2751,0.1219,1.4718,19.8883,5.923,0.0198,0.0421,0,Attentive
0.2291,0.3085,0.2118,0.2746,48.3446,4.4848,-4.0415,0.0329,0.2895,1,Distracted
0.3072,0.315,0.3118,0.2538,8.9415,6.3757,-4.1883,0.0287,0.0766,0,Attentive
0.337,0.3268,0.2838,0.2033,20.2893,10.1512,7.0179,0.0225,0.302,1,Distracted
0.1834,0.1724,0.121,0.3732,5.9582,6.007,3.221,0.0335,0.0455,2,Drowsy
0.2727,0.3505,0.3211,0.2512,13.8081,-7.5877,-4.6535,0.0,0.029,0,Attentive
0.1092,0.0133,0.0763,0.582,-8.8287,-1.2223,-0.1915,0.0482,0.4584,3,Absent
0.1575,0.0343,0.0435,0.6993,-1.37,12.611,28.2303,0.0721,0.946,3,Absent
0.0883,0.0607,0.0967,0.6439,23.5749,9.4721,17.3231,0.0832,0.4365,3,Absent
0.0363,0.0516,0.1128,0.7745,29.1573,29.4876,22.8734,0.0,0.552,3,Absent
0.2714,0.2907,0.2896,0.2077,59.679,5.2915,8.9367,0.0454,0.336,1,Distracted
0.2642,0.3043,0.3433,0.3616,8.1044,6.5059,-7.0053,0.0146,0.0264,0,Attentive
0.3219,0.2721,0.3011,0.2843,-13.5224,17.8514,0.5842,0.0,0.0547,0,Attentive
0.3092,0.2487,0.2663,0.2872,4.3669,1.7121,2.0922,0.0235,0.0338,0,Attentive
0.2809,0.283,0.3468,0.2075,22.5298,6.0599,2.4603,0.0248,0.1259,0,Attentive
0.1235,0.196,0.1699,0.4515,-12.6282,5.5212,9.5757,0.0682,0.1088,2,Drowsy
0.1549,0.2044,0.1857,0.1725,18.3396,13.4727,0.1616,0.0394,0.034,2,Drowsy
0.3209,0.3129,0.3044,0.347,33.8888,-8.6897,4.5662,0.0102,0.2768,1,Distracted
0.1926,0.1907,0.1562,0.2272,15.8215,5.7139,-1.5815,0.0455,0.0882,2,Drowsy
0.1603,0.1677,0.1802,0.4893,2.5556,-0.2372,-2.9904,0.0919,0.0348,2,Drowsy
0.3138,0.2759,0.2629,0.2825,66.64,21.535,11.9754,0.0387,0.3666,1,Distracted
0.1948,0.1555,0.188,0.5348,-3.6019,8.737,-5.0521,0.0707,0.0256,2,Drowsy
0.0712,0.1706,0.0642,0.639,37.8345,13.989,6.0418,0.0,0.3627,3,Absent
0.3348,0.2754,0.3241,0.2706,9.5765,16.2776,0.7731,0.0125,0.0233,0,Attentive
0.3774,0.2759,0.341,0.3339,-1.4287,6.9829,10.142,0.0162,0.0439,0,Attentive
0.204,0.1791,0.1613,0.5626,5.1245,10.7439,9.7712,0.0375,0.1624,2,Drowsy
0.2981,0.2697,0.2871,0.3265,8.3194,-3.4719,-5.988,0.0167,0.0436,0,Attentive
0.0025,0.0856,0.084,0.5809,14.4317,-15.7194,1.8327,0.0777,0.8962,3,Absent
0.2843,0.3923,0.334,0.1878,4.8629,-1.256,-3.0724,0.0066,0.063,0,Attentive
0.1695,0.1043,0.0745,0.6865,25.7033,19.4017,20.2913,0.0562,0.4868,3,Absent
0.0078,0.1253,0.0562,0.6309,33.731,17.6287,17.4498,0.0661,0.4639,3,Absent
0.1025,0.0874,0.0952,0.6143,57.5133,6.4805,26.6586,0.019,0.6509,3,Absent
0.1353,0.2419,0.1175,0.3491,2.0251,-4.4835,9.5607,0.0571,0.057,2,Drowsy
0.2403,0.258,0.2714,0.2122,29.1103,-1.3099,4.2451,0.0085,0.2651,1,Distracted
0.3287,0.3542,0.3127,0.1972,0.9444,5.1548,12.3411,0.006,0.0861,0,Attentive
0.2187,0.2349,0.314,0.3324,39.3561,-7.2108,2.8496,0.0055,0.4677,1,Distracted
0.175,0.2529,0.1469,0.6275,4.2543,-6.6846,3.104,0.0592,0.0654,2,Drowsy
0.3149,0.2839,0.3128,0.3468,9.524,2.6634,1.0842,0.0164,0.0854,0,Attentive
0.2018,0.2676,0.3108,0.3124,42.429,6.2449,1.0634,0.0554,0.3003,1,Distracted
0.0885,0.1382,0.0322,0.5581,40.9248,20.1641,-0.1494,0.0103,0.3878,3,Absent
0.1635,0.2293,0.1636,0.5389,11.2199,15.6207,5.9391,0.0675,0.0951,2,Drowsy
0.2161,0.3396,0.3519,0.3726,30.9706,-1.5463,-1.3941,0.0,0.3393,1,Distracted
0.0358,0.1029,0.0503,0.5361,13.2415,10.019,4.0531,0.0742,0.5272,3,Absent
0.1479,0.2001,0.1812,0.4333,5.1699,12.7303,7.3412,0.0619,0.1528,2,Drowsy
0.1776,0.163,0.1708,0.4236,8.4635,-0.8641,4.1239,0.0449,0.0959,2,Drowsy
0.1946,0.1803,0.1871,0.3812,1.5512,3.3549,8.5069,0.0381,0.0281,2,Drowsy
0.1175,0.1613,0.1399,0.3833,4.2658,10.8699,12.9023,0.0293,0.111,2,Drowsy
0.0814,0.1239,0.0616,0.6166,21.4227,1.7028,13.1772,0.0481,0.8774,3,Absent
0.2836,0.1858,0.2002,0.59,14.2211,12.0859,3.2943,0.0503,0.0474,2,Drowsy
0.1128,0.0185,0.1298,0.7669,15.1719,64.981,29.9172,0.0215,0.6992,3,Absent
0.1822,0.1265,0.2369,0.5368,15.4414,11.137,-6.4685,0.0707,0.0455,2,Drowsy
0.2111,0.157,0.2496,0.4618,-5.7357,5.9748,-2.0178,0.0718,0.0536,2,Drowsy
0.027,0.1312,0.035,0.7157,18.5489,11.5906,13.766,0.0824,0.3115,3,Absent
0.1833,0.1488,0.2166,0.4647,-3.4832,14.7245,4.8983,0.0591,0.0341,2,Drowsy
0.0297,0.039,0.1016,0.5689,10.7159,7.8176,36.4204,0.0315,0.5603,3,Absent
0.1058,0.1148,0.1194,0.8058,15.7415,39.7709,19.1159,0.0695,0.8264,3,Absent
0.2306,0.1298,0.1193,0.4884,6.3462,-5.8505,5.7976,0.032,0.0477,2,Drowsy
0.2163,0.2002,0.1563,0.467,-0.107,-0.2465,2.3063,0.054,0.0818,2,Drowsy
0.1278,0.0233,0.0891,0.5791,32.6149,8.0317,24.2616,0.0453,0.3626,3,Absent
0.2934,0.2655,0.2265,0.2668,37.8191,6.1242,-4.9923,0.013,0.4955,1,Distracted
0.2788,0.2838,0.282,0.1937,2.6697,-7.3215,6.734,0.0206,0.0627,0,Attentive
0.3126,0.2678,0.2817,0.3045,13.9066,15.7058,-3.7438,0.0708,0.3095,1,Distracted
0.2488,0.2847,0.2676,0.3303,33.1132,9.4107,7.9145,0.0721,0.4388,1,Distracted
0.1656,0.1683,0.1965,0.569,1.7377,13.2375,6.826,0.0576,0.0816,2,Drowsy
0.3181,0.3691,0.263,0.313,12.1715,-3.8137,7.0357,0.0234,0.0432,0,Attentive
0.0546,0.1127,0.1069,0.5686,31.0085,5.847,20.7727,0.0492,0.2731,3,Absent
0.3175,0.297,0.2986,0.2705,1.1514,12.7523,6.1967,0.0287,0.021,0,Attentive
0.2646,0.2434,0.2887,0.1336,32.7885,7.9416,-3.1868,0.0114,0.431,1,Distracted
0.0847,0.081,0.0373,0.6333,13.7287,36.0906,19.5519,0.0417,0.8948,3,Absent
0.3074,0.2862,0.2788,0.2915,-3.8487,3.501,-0.3883,0.0248,0.06,0,Attentive
0.2826,0.2653,0.3213,0.2709,3.8596,5.7116,3.6159,0.0328,0.0888,0,Attentive
0.3247,0.2348,0.2721,0.2883,29.7035,11.0076,3.8738,0.002,0.3681,1,Distracted
0.1495,0.0508,0.0457,0.6403,-3.4086,23.589,5.1504,0.0825,0.436,3,Absent
0.2207,0.2499,0.3332,0.2879,45.6181,30.5125,0.8372,0.028,0.3228,1,Distracted
0.3252,0.2804,0.2888,0.1555,-0.6185,-13.9672,-5.9195,0.0276,0.0736,0,Attentive
0.0298,0.1123,0.0334,0.5675,13.495,30.1161,17.112,0.0506,0.9271,3,Absent
0.3115,0.3042,0.2467,0.2884,4.7232,6.5579,21.6312,0.0,0.1017,0,Attentive
0.2396,0.1741,0.1846,0.6518,-5.5008,17.5299,9.3543,0.0571,0.1317,2,Drowsy
0.0916,0.0913,0.0986,0.7107,59.5275,17.0766,13.0314,0.0129,0.5396,3,Absent
0.2035,0.2089,0.1572,0.4366,-2.9808,3.6128,5.3311,0.03,0.0702,2,Drowsy
0.2848,0.2544,0.3144,0.2542,19.0322,2.29,2.9092,0.0499,0.3458,1,Distracted
0.1535,0.1767,0.2435,0.4601,17.2373,9.7626,2.0646,0.0708,0.0975,2,Drowsy
0.1199,0.195,0.0603,0.5742,-1.0005,37.1077,4.591,0.0389,0.1802,3,Absent
0.3175,0.2932,0.276,0.2314,11.71,16.1921,9.7162,0.0151,0.0164,0,Attentive
0.1931,0.1301,0.164,0.5709,6.5979,8.9525,1.2299,0.0638,0.1465,2,Drowsy
0.1214,0.0012,0.1047,0.4808,22.4136,34.0096,10.9448,0.1007,0.9336,3,Absent
0.2932,0.2957,0.3034,0.2864,8.1008,4.8114,7.9777,0.0048,0.0651,0,Attentive
0.3042,0.2636,0.2775,0.2855,36.2924,19.9822,8.862,0.0715,0.5706,1,Distracted
0.1304,0.0,0.052,0.7023,29.4357,19.9291,15.2139,0.0218,0.07,3,Absent
0.2943,0.3097,0.2713,0.2543,-20.9291,1.6917,-6.1524,0.0321,0.0733,0,Attentive
0.3229,0.3148,0.2517,0.2049,31.5897,25.6779,8.8736,0.0441,0.439,1,Distracted
0.0087,0.0077,0.0477,0.7715,13.9636,12.0559,8.4339,0.0459,0.8904,3,Absent
0.1551,0.1762,0.1801,0.4744,4.2961,4.5831,5.7152,0.0493,0.0494,2,Drowsy
0.2253,0.1243,0.1855,0.44,1.8081,4.7279,5.9063,0.0564,0.0961,2,Drowsy
0.2727,0.2423,0.2137,0.2704,38.9058,20.9958,-8.491,0.0075,0.2919,1,Distracted
0.1244,0.154,0.0202,0.6295,13.4588,32.8319,-13.7273,0.1045,0.5275,3,Absent
0.1938,0.1489,0.2061,0.4765,1.2768,2.3037,3.0756,0.0237,0.0823,2,Drowsy
0.2853,0.3313,0.317,0.3423,7.6714,0.485,4.9533,0.0311,0.0746,0,Attentive
0.3261,0.2596,0.3032,0.3469,-5.0027,-1.7442,4.5695,0.0218,0.0605,0,Attentive
0.27,0.2883,0.2329,0.3909,49.2864,7.9931,2.5718,0.0506,0.5482,1,Distracted
0.3298,0.3194,0.2407,0.3521,5.3622,-2.4355,2.7856,0.0218,0.03,0,Attentive
0.1215,0.0323,0.0489,0.5672,54.7154,27.6229,20.5598,0.061,0.2858,3,Absent
0.3045,0.3231,0.3595,0.2914,12.2787,-0.5418,-3.1293,0.0206,0.0532,0,Attentive
0.2705,0.3018,0.3112,0.2329,4.3637,-3.7391,0.9669,0.0261,0.0547,0,Attentive
0.2496,0.1669,0.1708,0.4731,7.7197,9.8236,-2.4221,0.0463,0.065,2,Drowsy
0.2943,0.2551,0.3341,0.2348,-0.9111,14.1226,-4.2112,0.0087,0.0171,0,Attentive
0.2083,0.1732,0.186,0.3599,1.4472,4.1074,3.497,0.0266,0.0186,2,Drowsy
0.2973,0.2725,0.2632,0.3033,31.7765,-0.8863,21.8082,0.0203,0.1282,1,Distracted
0.0861,0.0112,0.0674,0.6807,8.3675,4.7801,12.5085,0.0181,0.677,3,Absent
0.3002,0.2653,0.2663,0.3981,46.2768,2.394,8.4256,0.0324,0.3892,1,Distracted
0.2983,0.2514,0.3428,0.3727,42.2492,23.6101,5.3887,0.0453,0.4978,1,Distracted
0.3602,0.2761,0.2696,0.2385,34.1816,-4.0672,4.5426,0.0599,0.2889,1,Distracted
0.2375,0.3209,0.243,0.217,24.0837,17.595,1.2993,0.003,0.2894,1,Distracted
0.1092,0.2204,0.1466,0.4263,8.7813,19.6872,-1.3997,0.0311,0.1353,2,Drowsy
0.2941,0.2839,0.2709,0.2301,21.9804,-1.356,7.4314,0.0196,0.0922,1,Distracted
0.2759,0.3448,0.2932,0.2489,-2.9777,-13.9697,6.4202,0.0274,0.0416,0,Attentive
0.2414,0.3159,0.1841,0.3512,41.2548,23.1618,3.8086,0.0,0.393,1,Distracted
0.3223,0.2587,0.2664,0.2126,39.5366,34.5987,9.689,0.0127,0.4636,1,Distracted
0.2013,0.1928,0.1958,0.4763,3.4775,2.7025,6.5807,0.0706,0.06,2,Drowsy
0.2971,0.3098,0.3238,0.2095,5.9345,-2.1834,6.3241,0.0215,0.059,0,Attentive
0.3031,0.2855,0.2555,0.1385,4.8135,-0.9309,-0.7654,0.027,0.0852,0,Attentive
0.2769,0.2594,0.2632,0.2818,36.3438,5.433,3.3611,0.0569,0.4885,1,Distracted
0.2022,0.1676,0.2096,0.2695,9.8489,2.8869,0.319,0.0598,0.1265,2,Drowsy
0.2405,0.1422,0.2386,0.4275,16.1974,7.9582,5.688,0.0393,0.0587,2,Drowsy
0.2911,0.3072,0.2712,0.2693,1.3642,15.2883,9.8651,0.0153,0.0455,0,Attentive
0.2869,0.3055,0.311,0.2451,-11.43,5.3203,3.8228,0.0132,0.0115,0,Attentive
0.2724,0.2765,0.2024,0.2683,45.0378,-0.6772,0.4957,0.0459,0.2023,1,Distracted
0.0936,0.16,0.1184,0.4215,0.22,8.6376,0.9756,0.025,0.1048,2,Drowsy
0.2816,0.3158,0.3007,0.2706,44.164,14.0074,2.4404,0.0275,0.3352,1,Distracted
0.0347,0.155,0.0091,0.5235,46.6489,29.6112,11.0944,0.0874,0.6394,3,Absent
0.1715,0.1923,0.1487,0.4987,-6.5368,1.3781,2.7854,0.0748,0.1114,2,Drowsy
0.2972,0.3108,0.3568,0.3373,34.3185,1.0956,1.6143,0.0181,0.4155,1,Distracted
0.0572,0.0836,0.135,0.6731,29.5092,15.5354,14.0581,0.0485,0.6087,3,Absent
0.121,0.1734,0.15,0.4992,10.1872,-0.4502,0.471,0.0551,0.0456,2,Drowsy
0.2866,0.3058,0.3268,0.1987,4.0638,-1.9008,7.9752,0.0048,0.0332,0,Attentive
0.292,0.2871,0.3147,0.1701,6.6974,17.1702,-4.8159,0.0219,0.0301,0,Attentive
0.2771,0.2772,0.2902,0.2691,-7.4973,0.2202,1.7926,0.009,0.1039,0,Attentive
0.267,0.2895,0.2836,0.2814,25.9925,7.0045,5.0131,0.0025,0.3037,1,Distracted
0.323,0.2515,0.3075,0.2966,-0.3208,7.9049,16.0733,0.019,0.0618,0,Attentive
0.2801,0.3171,0.2809,0.1598,-10.0203,3.3366,3.2986,0.011,0.0692,0,Attentive
0.3166,0.2655,0.2724,0.2718,25.6603,5.5657,3.3784,0.0623,0.4447,1,Distracted
0.1127,0.2281,0.0249,0.4939,3.9239,21.8187,2.6769,0.0275,0.6741,3,Absent
0.2499,0.2682,0.2873,0.2561,22.5521,2.1543,12.2499,0.0349,0.4112,1,Distracted
0.1811,0.0934,0.0635,0.6143,10.8193,13.1164,-14.3699,0.0471,0.522,3,Absent
0.2338,0.3417,0.2664,0.1998,0.3492,12.9149,5.8662,0.0184,0.0592,0,Attentive
0.2632,0.2979,0.296,0.3612,49.3787,7.1446,12.7992,0.0157,0.4431,1,Distracted
0.0183,0.0,0.055,0.4278,17.195,56.7744,-4.1635,0.0444,0.8124,3,Absent
0.3366,0.2415,0.3036,0.1591,9.0777,2.3388,4.098,0.0114,0.0884,0,Attentive
0.0865,0.048,0.0968,0.6889,40.4857,26.7208,44.7008,0.0467,0.5301,3,Absent
0.3721,0.2983,0.305,0.3025,11.8442,11.3092,5.1937,0.0086,0.099,0,Attentive
0.0545,0.1223,0.0915,0.7822,29.272,47.1234,17.1431,0.0567,0.6143,3,Absent
0.2961,0.2899,0.2812,0.2415,34.5851,4.8874,3.1859,0.0468,0.3684,1,Distracted
0.3302,0.2529,0.327,0.2519,11.7344,2.5085,-10.6114,0.0185,0.0818,0,Attentive
0.3093,0.3924,0.328,0.2436,-4.6443,-8.2451,3.0173,0.0124,0.0073,0,Attentive
0.2884,0.3034,0.3166,0.3293,-6.9025,17.9312,-7.7604,0.0185,0.0676,0,Attentive
0.2941,0.2329,0.302,0.2426,22.3841,17.9966,1.4785,0.0237,0.128,1,Distracted
0.1375,0.0429,0.0579,0.7261,7.419,-5.5742,-3.9804,0.0483,0.6495,3,Absent
0.1395,0.1596,0.0757,0.6552,29.3515,16.0348,21.1969,0.0474,0.7523,3,Absent
0.1786,0.1542,0.1835,0.4297,-5.6,3.9104,6.2138,0.0408,0.0767,2,Drowsy
0.0864,0.0509,0.1456,0.5816,47.3419,11.0382,24.2541,0.0576,0.5223,3,Absent
0.1367,0.1329,0.1923,0.4809,-1.4724,8.0407,11.6357,0.0205,0.0019,2,Drowsy
0.3054,0.3251,0.2975,0.2079,9.007,7.581,6.8603,0.0199,0.032,0,Attentive
0.262,0.295,0.3017,0.1627,5.6532,-4.3301,10.5551,0.0252,0.038,0,Attentive
0.1898,0.2145,0.181,0.3475,-1.7405,7.9641,10.1723,0.0486,0.0491,2,Drowsy
0.3376,0.3219,0.3135,0.2858,22.1549,18.2957,-1.4336,0.0362,0.0615,0,Attentive
0.2772,0.2931,0.2769,0.2945,11.282,-9.9233,-2.6476,0.005,0.0305,0,Attentive
0.2032,0.1818,0.1433,0.2648,-0.3735,6.9231,10.2697,0.038,0.0721,2,Drowsy
0.0463,0.0885,0.0613,0.5548,11.3009,41.4801,13.3606,0.0102,0.2477,3,Absent
0.1273,0.0877,0.0511,0.7029,28.7657,30.1092,25.3848,0.0091,0.448,3,Absent
0.2624,0.2833,0.2649,0.3546,2.8205,2.5943,4.9404,0.0296,0.0784,0,Attentive
0.0682,0.1037,0.1003,0.8024,-1.7486,33.7852,15.1975,0.0387,0.3201,3,Absent
0.3127,0.2959,0.2859,0.2292,42.2954,2.445,4.3881,0.0589,0.2839,1,Distracted
0.2244,0.1344,0.1692,0.5744,6.6241,10.7162,-1.9031,0.0191,0.1177,2,Drowsy
0.0999,0.0386,0.0932,0.4205,43.8142,0.5277,1.5545,0.0535,0.5908,3,Absent
0.2694,0.2759,0.3277,0.2537,42.3392,10.3756,4.0879,0.076,0.2059,1,Distracted
0.0743,0.0836,0.129,0.9133,48.0866,33.157,22.0714,0.0348,0.609,3,Absent
0.1266,0.2304,0.2053,0.4383,-12.2003,15.6288,1.0392,0.0469,0.0827,2,Drowsy
0.2303,0.2609,0.2591,0.1373,43.4027,32.2032,8.6374,0.0259,0.3445,1,Distracted
0.2767,0.3059,0.2755,0.2704,-10.6207,10.2041,4.363,0.0226,0.0795,0,Attentive
0.2423,0.1707,0.2558,0.5303,7.5848,3.3102,-1.2318,0.0505,0.0771,2,Drowsy
0.2632,0.133,0.1747,0.3961,11.4921,-9.9183,-3.2156,0.0379,0.1421,2,Drowsy
0.3696,0.2991,0.2746,0.3649,57.1018,8.5465,7.0844,0.0102,0.3353,1,Distracted
0.0718,0.1238,0.1584,0.6681,14.9397,35.7733,31.7598,0.0235,0.4594,3,Absent
0.0695,0.129,0.0302,0.6707,8.6348,13.9446,34.8618,0.0005,0.7031,3,Absent
0.3107,0.3443,0.287,0.2096,-1.0141,9.4078,3.6438,0.0147,0.0654,0,Attentive
0.145,0.0786,0.0265,0.4517,41.9286,14.4049,0.4312,0.0,0.4709,3,Absent
0.3637,0.331,0.262,0.2258,13.1353,-1.9537,4.2191,0.0277,0.0222,0,Attentive
0.2413,0.2195,0.2139,0.4197,-2.6991,5.1823,-4.3239,0.0669,0.0687,2,Drowsy
0.2805,0.297,0.2457,0.4081,30.9615,6.9178,2.9195,0.0171,0.2771,1,Distracted
0.1661,0.1877,0.157,0.3483,3.0912,-0.088,4.0535,0.0471,0.1141,2,Drowsy
0.2677,0.3257,0.2837,0.2294,43.4244,11.9768,-10.1296,0.0386,0.3892,1,Distracted
0.1074,0.1309,0.0,0.6897,35.1588,45.5043,-2.5658,0.0862,0.8789,3,Absent
0.0735,0.105,0.1397,0.5916,32.4677,7.6577,18.9582,0.0791,0.2918,3,Absent
0.1768,0.0027,0.1348,0.4455,-3.8898,-5.1564,18.0042,0.0148,0.2803,3,Absent
0.2587,0.2723,0.3168,0.2433,44.5561,9.9838,3.937,0.035,0.3109,1,Distracted
0.2381,0.2905,0.3235,0.2596,18.5867,10.1758,-1.2695,0.0203,0.0486,0,Attentive
0.2731,0.2966,0.2581,0.2938,44.3336,2.677,9.6881,0.031,0.4545,1,Distracted
0.2921,0.2899,0.324,0.2731,-6.435,4.2058,5.3577,0.0353,0.0766,0,Attentive
0.1215,0.1897,0.1741,0.5613,12.2483,18.5489,-1.5895,0.0243,0.1246,2,Drowsy
0.2675,0.2879,0.3021,0.2955,1.5318,-5.4644,2.2837,0.0211,0.0556,0,Attentive
0.2222,0.2181,0.1685,0.3983,2.1349,19.5829,2.6045,0.0416,0.0629,2,Drowsy
0.0072,0.083,0.0,0.3915,4.8917,9.5268,32.5887,0.0488,0.8085,3,Absent
0.3065,0.2671,0.2853,0.2081,-1.863,-0.7739,-0.7413,0.0283,0.0169,0,Attentive
0.3178,0.2894,0.2857,0.2551,15.3922,-5.6737,-5.3376,0.0216,0.0515,0,Attentive
0.0299,0.0649,0.0454,0.8572,16.3968,33.3462,21.1636,0.0579,0.5581,3,Absent
0.1427,0.1698,0.2329,0.6708,5.0033,15.9847,4.216,0.0192,0.1391,2,Drowsy
0.0959,0.087,0.0775,0.4889,21.5449,21.5432,3.3767,0.0144,0.4537,3,Absent
0.1228,0.1698,0.0268,0.8016,11.4013,25.2182,-4.8498,0.0657,0.1489,3,Absent
0.2095,0.1703,0.2123,0.2929,-9.1641,4.8699,-0.4446,0.0297,0.0712,2,Drowsy
0.2098,0.2056,0.1876,0.6244,3.7886,5.9449,2.0009,0.0088,0.1065,2,Drowsy
0.1421,0.1698,0.1396,0.193,12.216,7.97,11.9884,0.0571,0.0658,2,Drowsy
0.122,0.0647,0.1287,0.5916,1.0563,8.0637,6.064,0.0248,0.4355,3,Absent
0.149,0.153,0.2049,0.4652,-1.4885,5.1826,3.6474,0.0087,0.1106,2,Drowsy
0.0827,0.1762,0.1165,0.5943,2.9908,35.0329,8.5997,0.0565,0.276,3,Absent
0.3929,0.2923,0.3128,0.2175,5.3619,1.3324,-0.0526,0.0382,0.0853,0,Attentive
0.2524,0.2526,0.2608,0.2443,19.6442,-1.242,0.0241,0.0418,0.3119,1,Distracted
0.1507,0.0831,0.185,0.5435,12.1331,1.0339,-2.2585,0.0404,0.1132,2,Drowsy
0.2993,0.27,0.2874,0.292,7.3739,1.3275,0.1659,0.0161,0.0223,0,Attentive
0.2209,0.3001,0.3082,0.2962,-5.1112,3.5998,-2.6271,0.0226,0.0231,0,Attentive
0.3003,0.2515,0.2879,0.274,37.5791,5.4026,2.9655,0.0319,0.3702,1,Distracted
0.1043,0.0282,0.066,0.494,16.9249,22.2518,10.9842,0.0365,0.2275,3,Absent
0.1049,0.0225,0.0967,0.7171,39.5077,3.1487,-3.0628,0.0584,0.4927,3,Absent
0.0859,0.1333,0.0319,0.6003,10.5883,25.331,24.2747,0.0056,0.5489,3,Absent
0.3071,0.3231,0.263,0.3072,5.708,0.093,5.1639,0.0427,0.0555,0,Attentive
0.3387,0.2881,0.2724,0.2674,3.6936,5.4897,2.9579,0.0251,0.0934,0,Attentive
0.2771,0.2484,0.3156,0.2558,17.1778,-10.4947,12.5651,0.0423,0.3588,1,Distracted
0.1849,0.1594,0.2279,0.3805,5.8308,18.8157,-0.1817,0.0566,0.1008,2,Drowsy
0.33,0.2799,0.3348,0.2375,5.3095,4.8223,1.3285,0.0281,0.0738,0,Attentive
0.1373,0.0627,0.0746,0.6754,4.4871,9.154,28.3932,0.0335,0.7865,3,Absent
0.1663,0.2157,0.143,0.4891,-2.7184,3.9112,-14.176,0.0818,0.102,2,Drowsy
0.2375,0.2579,0.2599,0.2771,18.5921,13.1627,13.1973,0.0356,0.4309,1,Distracted
0.2856,0.219,0.2753,0.2284,43.3319,35.7275,7.9989,0.0,0.3139,1,Distracted
0.3003,0.3245,0.3187,0.2724,42.7025,6.1691,-0.5384,0.0246,0.3424,1,Distracted
0.2462,0.2914,0.3061,0.2365,-9.3476,14.1592,2.5177,0.0343,0.0422,0,Attentive
0.0224,0.0604,0.0589,0.7205,22.882,31.3447,8.9174,0.0912,0.5361,3,Absent
0.1421,0.1082,0.0972,0.694,31.042,14.2169,-0.6225,0.0786,0.7823,3,Absent
0.2981,0.3072,0.3021,0.2899,10.3881,-4.3544,6.3439,0.0081,0.0676,0,Attentive
0.2816,0.3059,0.3136,0.1414,2.9351,4.1066,0.6123,0.0329,0.0627,0,Attentive
0.2736,0.314,0.3065,0.3163,31.6366,-3.8065,7.4724,0.0405,0.1111,1,Distracted
0.2165,0.1811,0.1307,0.4,9.6884,-1.3683,14.7049,0.0403,0.082,2,Drowsy
0.0,0.1039,0.1047,0.6108,11.1783,30.0178,7.6202,0.0435,0.7125,3,Absent
0.2369,0.2937,0.3018,0.3185,25.5556,0.2173,1.9602,0.0348,0.4985,1,Distracted
0.2833,0.2667,0.2684,0.2848,35.4863,17.6117,4.2761,0.023,0.3319,1,Distracted
0.1785,0.0703,0.1936,0.4302,-10.6328,-5.4337,8.8755,0.0254,0.0437,2,Drowsy
0.2368,0.2573,0.3045,0.1518,-8.8492,2.9834,-0.718,0.0399,0.105,0,Attentive
0.286,0.289,0.3072,0.1918,0.1361,-3.0173,-2.4528,0.0,0.0902,0,Attentive
0.2514,0.1961,0.2019,0.5664,-3.7173,6.6793,16.1271,0.0384,0.1247,2,Drowsy
0.3749,0.3014,0.284,0.3912,-7.5517,3.1407,2.8981,0.0335,0.0608,0,Attentive
0.0531,0.0604,0.1367,0.6497,2.5767,5.6332,11.9894,0.0571,0.6468,3,Absent
0.2664,0.3581,0.2371,0.2881,34.7799,8.8259,4.3483,0.0277,0.4373,1,Distracted
0.2631,0.2505,0.3597,0.3891,40.6109,21.3891,-8.3556,0.0142,0.303,1,Distracted
0.2659,0.271,0.2903,0.2465,31.2551,6.6218,1.2355,0.0546,0.3961,1,Distracted
0.1192,0.0804,0.1062,0.5283,22.581,9.5111,0.3555,0.0242,0.4411,3,Absent
0.1016,0.0513,0.1252,0.7068,22.7123,9.5373,24.7838,0.0562,0.3989,3,Absent
0.1527,0.2282,0.2621,0.5156,15.9427,13.7658,1.3287,0.044,0.1605,2,Drowsy
0.2995,0.2357,0.2836,0.2473,22.0671,1.9564,6.3547,0.0044,0.2751,1,Distracted
0.3402,0.2368,0.2857,0.3697,19.2444,13.9398,0.1864,0.0199,0.2697,1,Distracted
0.1816,0.1376,0.1628,0.6184,-5.0907,12.6963,5.9645,0.0395,0.1008,2,Drowsy
0.2102,0.2524,0.2736,0.2731,17.2132,21.5167,4.3874,0.0308,0.3901,1,Distracted
0.333,0.314,0.3337,0.2761,2.2167,18.907,6.4452,0.0257,0.0117,0,Attentive
0.0838,0.2052,0.0812,0.5474,-0.781,38.7897,4.6889,0.0699,0.4141,3,Absent
0.2805,0.3025,0.3003,0.274,0.8508,-9.8545,-0.1639,0.0279,0.0411,0,Attentive
0.262,0.3144,0.2782,0.2397,-5.2482,8.7565,-2.1849,0.0255,0.0397,0,Attentive
0.1312,0.1629,0.2174,0.4128,16.5236,12.391,2.0295,0.0632,0.0978,2,Drowsy
0.0537,0.1277,0.1046,0.7743,35.2719,14.8834,41.3903,0.0541,0.0,3,Absent
0.2944,0.2961,0.3011,0.2426,10.711,18.4737,-0.7875,0.0063,0.0474,0,Attentive
0.2163,0.147,0.2078,0.3627,-1.1561,14.0663,8.3191,0.0519,0.038,2,Drowsy
0.3229,0.2918,0.2562,0.2793,32.1253,14.8918,-2.0787,0.0294,0.3895,1,Distracted
0.0589,0.0773,0.0472,0.4356,34.0208,19.614,15.571,0.0204,0.5129,3,Absent
0.2785,0.244,0.2979,0.2439,15.1076,7.4157,-3.1209,0.0385,0.0866,0,Attentive
0.3167,0.3023,0.3135,0.204,4.3549,-6.896,1.4439,0.011,0.0279,0,Attentive
0.1044,0.0538,0.0492,0.6491,-9.0226,22.1513,-7.3418,0.0836,0.6869,3,Absent
0.2697,0.2911,0.2473,0.2202,43.2585,5.5639,-0.1229,0.0171,0.4199,1,Distracted
0.2403,0.258,0.2899,0.3074,43.3811,14.602,5.0419,0.0173,0.3901,1,Distracted
0.251,0.2873,0.3126,0.2055,-8.4146,3.4854,6.3127,0.0031,0.0746,0,Attentive
0.2416,0.2915,0.2504,0.2314,23.7314,9.2209,10.6622,0.0601,0.2774,1,Distracted
0.2663,0.2725,0.3254,0.2636,7.4118,5.3841,3.9535,0.0067,0.0814,0,Attentive
0.0753,0.0695,0.0,0.8013,19.0918,-1.2138,20.7812,0.0243,0.6624,3,Absent
0.3271,0.2291,0.2748,0.281,19.46,3.1456,-1.64,0.0182,0.0912,0,Attentive
0.1281,0.1276,0.0374,0.6828,-10.0396,21.9953,22.2517,0.0106,0.4667,3,Absent
0.259,0.2726,0.2977,0.2195,25.7701,15.1068,10.6335,0.0176,0.2167,1,Distracted
0.0153,0.0619,0.1093,0.7214,40.3702,-2.3552,17.6862,0.0928,0.8166,3,Absent
0.2616,0.2789,0.2896,0.244,47.8314,7.9179,0.2737,0.0345,0.5464,1,Distracted
0.2986,0.3022,0.3179,0.2436,23.6867,6.9242,-0.8065,0.0413,0.2338,1,Distracted
0.0789,0.1466,0.1694,0.496,-9.2028,0.1433,4.6518,0.0417,0.0951,2,Drowsy
0.1552,0.2101,0.1531,0.5946,1.4113,12.0152,14.4962,0.0259,0.0828,2,Drowsy
0.1331,0.1297,0.0323,0.5862,50.4037,26.175,24.4459,0.0152,0.6813,3,Absent
0.231,0.2443,0.3407,0.3031,36.2931,7.5011,6.7529,0.0356,0.3792,1,Distracted
0.1839,0.171,0.1952,0.5496,17.7817,12.6313,-0.2617,0.0371,0.077,2,Drowsy
0.2599,0.2731,0.305,0.3567,41.8458,11.0172,13.9881,0.0237,0.4531,1,Distracted
0.0412,0.0215,0.0138,0.6487,32.6918,34.3105,9.3063,0.0418,0.6211,3,Absent
0.2798,0.3287,0.2322,0.2425,-8.4466,-0.3359,0.5059,0.0164,0.0334,0,Attentive
0.2516,0.2852,0.2428,0.3053,45.1621,15.3435,-5.6105,0.0499,0.4437,1,Distracted
0.3216,0.2392,0.272,0.2236,30.3666,20.1522,5.6479,0.0821,0.3693,1,Distracted
0.1995,0.1808,0.1909,0.4636,-5.0076,-1.941,3.6059,0.0416,0.0805,2,Drowsy
0.0977,0.0668,0.0605,0.7509,17.2912,9.5166,10.3852,0.0731,0.2279,3,Absent
0.1834,0.1905,0.2418,0.4368,12.0368,9.8367,2.8088,0.0376,0.0776,2,Drowsy
0.3472,0.2632,0.2634,0.2612,11.3768,14.7875,-0.2944,0.0308,0.0488,0,Attentive
0.1244,0.0521,0.096,0.5776,31.4996,14.7237,0.2174,0.0419,0.9168,3,Absent
0.2681,0.2053,0.1844,0.5007,0.7931,18.3971,2.0033,0.0008,0.0643,2,Drowsy
0.1519,0.1762,0.1866,0.5533,-3.0859,5.8975,4.2241,0.0533,0.0437,2,Drowsy
0.0055,0.0754,0.1212,0.5157,20.2975,-7.8191,-0.6655,0.0742,0.4881,3,Absent
0.2469,0.2848,0.2958,0.2926,40.4905,14.3375,-5.6314,0.0427,0.2829,1,Distracted
0.2222,0.1212,0.1723,0.4744,12.3107,8.8524,7.1748,0.0394,0.0787,2,Drowsy
0.2746,0.3166,0.2992,0.1703,6.3656,-1.0454,6.4057,0.02,0.0619,0,Attentive
0.0577,0.0,0.061,0.6258,-3.2996,4.3927,12.3528,0.0607,0.3718,3,Absent
0.2722,0.2963,0.2499,0.2586,16.6978,8.0521,3.1681,0.036,0.2876,1,Distracted
0.3152,0.332,0.3292,0.3191,8.1897,1.8302,2.7336,0.0321,0.0255,0,Attentive
0.0265,0.1105,0.0665,0.7243,-0.0093,10.0214,12.3458,0.0462,0.7009,3,Absent
0.2906,0.3257,0.3138,0.2371,11.6569,2.0968,-2.2583,0.0124,0.0206,0,Attentive
0.0488,0.0389,0.0645,0.6943,32.2757,36.3765,21.2904,0.0,0.3385,3,Absent
0.1166,0.07,0.1079,0.6235,39.9153,16.4138,-8.459,0.0568,0.1162,3,Absent
0.174,0.142,0.2325,0.5429,-5.9706,8.3037,4.7203,0.0331,0.1109,2,Drowsy
0.2856,0.2826,0.3085,0.2294,14.0759,11.5682,6.6874,0.0598,0.223,1,Distracted
0.2648,0.3022,0.3101,0.3028,24.9658,8.1859,10.6869,0.0023,0.1407,1,Distracted
0.3008,0.3294,0.2093,0.3153,19.2723,9.9274,3.1298,0.0432,0.3728,1,Distracted
0.0758,0.0747,0.0308,0.8598,11.2697,25.0983,18.0485,0.0098,0.2011,3,Absent
0.3035,0.3117,0.2445,0.1901,10.0966,5.0074,1.264,0.0256,0.0991,0,Attentive
0.119,0.0528,0.1046,0.5496,43.8277,8.013,19.233,0.0444,0.3466,3,Absent
0.1983,0.2266,0.1664,0.3238,13.6558,9.0867,4.6968,0.0273,0.0553,2,Drowsy
0.2799,0.2742,0.2757,0.3045,24.1605,19.3414,7.6007,0.0236,0.5101,1,Distracted
0.2103,0.1284,0.2032,0.4876,8.8514,11.9409,6.2638,0.094,0.077,2,Drowsy
0.3249,0.2811,0.3073,0.2318,1.5277,-14.4148,0.8911,0.0297,0.0311,0,Attentive
0.2692,0.338,0.2783,0.2985,6.4176,-1.5236,10.8766,0.0081,0.0776,0,Attentive
0.2049,0.3063,0.2878,0.3296,3.1548,-5.3227,1.7506,0.0095,0.0642,0,Attentive
0.2047,0.3084,0.3073,0.1655,-4.828,22.2865,0.4719,0.0273,0.0305,0,Attentive
0.1993,0.2053,0.1966,0.4601,9.5754,-11.3502,4.5554,0.0191,0.1265,2,Drowsy
0.2004,0.2756,0.1839,0.6011,6.862,7.2038,4.7427,0.0156,0.0922,2,Drowsy
0.0981,0.0609,0.046,0.6691,3.0393,48.0867,33.2009,0.0697,0.5679,3,Absent
0.0818,0.0936,0.0916,0.9605,-1.1655,34.7014,29.2005,0.0648,0.4199,3,Absent
0.063,0.117,0.0232,0.5492,6.721,20.8339,10.8605,0.0406,0.417,3,Absent
0.2779,0.275,0.2433,0.2325,1.1782,8.0085,-4.9954,0.0048,0.0635,0,Attentive
0.2628,0.3471,0.2357,0.2206,26.7607,1.5431,3.3926,0.0158,0.2681,1,Distracted
0.3331,0.3127,0.248,0.2984,34.3852,16.2558,3.6604,0.0239,0.4869,1,Distracted
0.1614,0.2334,0.2129,0.5004,5.2292,10.553,9.9353,0.0645,0.1334,2,Drowsy
0.3191,0.3485,0.2652,0.2483,-9.9337,1.3943,0.7569,0.0263,0.0514,0,Attentive
0.2443,0.1448,0.1128,0.451,17.5877,12.6916,7.7555,0.0408,0.0739,2,Drowsy
0.1082,0.0933,0.0931,0.7251,28.2195,20.4309,43.6974,0.0115,0.4327,3,Absent
0.1458,0.0785,0.0221,0.9273,-0.5229,11.1375,30.7217,0.0625,0.456,3,Absent
0.0945,0.0198,0.0536,0.3846,30.9045,9.6825,1.8086,0.0111,0.4664,3,Absent
0.1677,0.1069,0.0853,0.588,1.8092,36.6437,13.1586,0.0845,0.4841,3,Absent
0.0,0.0794,0.0695,0.514,28.2733,45.7481,-17.076,0.034,0.3008,3,Absent
0.0184,0.0317,0.0437,0.6508,23.4391,17.7702,14.5294,0.0185,0.6086,3,Absent
0.2498,0.1261,0.1845,0.4679,8.9607,1.4931,12.4222,0.0403,0.0365,2,Drowsy
0.3068,0.2903,0.3148,0.284,5.4592,-2.7723,3.383,0.032,0.0321,0,Attentive
0.2881,0.2723,0.2108,0.2816,35.8554,16.3896,0.7491,0.0213,0.2022,1,Distracted
0.2382,0.2666,0.1822,0.5051,0.3242,15.0634,-2.0777,0.0,0.0484,2,Drowsy
0.0171,0.0978,0.1132,0.6386,42.2891,52.9826,19.1203,0.043,0.7454,3,Absent
0.2763,0.2998,0.2946,0.2314,-2.8277,5.2367,10.2681,0.0214,0.0799,0,Attentive
0.2869,0.3154,0.2935,0.2869,7.9229,-3.5481,7.4299,0.0146,0.0742,0,Attentive
0.2961,0.3338,0.2781,0.2097,11.0822,2.6895,8.8923,0.0133,0.0484,0,Attentive
0.0,0.1547,0.0871,0.4662,26.7536,25.1672,29.6705,0.0407,0.5524,3,Absent
0.0464,0.1344,0.0626,0.5735,29.4771,-3.1402,25.8801,0.0379,0.7479,3,Absent
0.0876,0.102,0.0698,0.5922,5.325,-1.2095,1.5356,0.039,0.2294,3,Absent
0.2948,0.2198,0.2783,0.2446,38.9725,1.9065,-1.1543,0.0,0.4722,1,Distracted
0.3483,0.3068,0.3159,0.2089,-6.7543,-0.9861,1.3799,0.0094,0.0497,0,Attentive
0.0651,0.09,0.1167,0.5495,44.7633,46.4581,14.6532,0.0338,0.8754,3,Absent
0.3319,0.3305,0.278,0.2515,27.034,7.5894,2.3958,0.0411,0.392,1,Distracted
0.316,0.3252,0.3305,0.3029,9.9776,0.7944,-0.8587,0.0233,0.078,0,Attentive
0.1579,0.1925,0.1723,0.4681,12.0064,2.3251,6.9835,0.0407,0.1608,2,Drowsy
0.2989,0.2647,0.2685,0.2363,44.2183,0.7951,10.1002,0.0342,0.3455,1,Distracted
0.2171,0.153,0.163,0.3831,1.3424,19.4099,6.8636,0.0174,0.056,2,Drowsy
0.2372,0.3075,0.2661,0.1305,42.9182,-1.1694,-1.2866,0.0438,0.3153,1,Distracted
0.272,0.2874,0.2916,0.3136,37.8517,-2.1074,-0.6308,0.0191,0.3218,1,Distracted
0.169,0.1948,0.1994,0.3857,-2.1286,3.1269,-3.0063,0.0082,0.0919,2,Drowsy
0.1392,0.1346,0.1497,0.4703,-13.117,11.5134,7.2196,0.004,0.0408,2,Drowsy
0.1284,0.0871,0.1103,0.6704,44.733,4.8873,31.1095,0.0851,0.3079,3,Absent
0.1765,0.1817,0.1386,0.4434,16.5483,4.6469,-2.1863,0.037,0.0514,2,Drowsy
0.0309,0.1063,0.0558,0.6155,37.42,29.3554,15.187,0.0551,0.5525,3,Absent
0.2502,0.298,0.2697,0.2174,3.3792,-3.0229,0.0772,0.0301,0.0327,0,Attentive
0.3374,0.2445,0.3035,0.2093,51.8518,12.4524,10.6978,0.0,0.4178,1,Distracted
0.0875,0.0644,0.0499,0.6206,29.8816,34.3463,-4.2351,0.0409,0.5217,3,Absent
0.0774,0.0327,0.111,0.6099,17.5797,18.489,18.6308,0.0504,0.5413,3,Absent
0.0648,0.0335,0.0489,0.6589,23.8706,-1.3597,19.7566,0.0385,0.6941,3,Absent
0.1449,0.2168,0.1206,0.4978,10.3801,6.2515,4.2619,0.0633,0.0518,2,Drowsy
0.315,0.2677,0.2172,0.2771,16.5557,31.8423,-0.794,0.0268,0.3758,1,Distracted
0.3165,0.2709,0.3026,0.1833,-1.8109,5.2385,-5.965,0.0244,0.0494,0,Attentive
0.2883,0.2225,0.2006,0.4575,6.1882,-3.8566,4.7852,0.0414,0.0438,2,Drowsy
0.1866,0.1266,0.1569,0.5722,4.4974,-7.0357,-4.985,0.0432,0.1145,2,Drowsy
0.2302,0.2647,0.2588,0.2508,46.3232,17.0651,4.8853,0.0191,0.215,1,Distracted
0.0297,0.182,0.1039,0.7659,19.4775,4.9519,8.7743,0.0576,0.4224,3,Absent
0.1737,0.2007,0.1944,0.5138,-8.4523,3.3177,2.3776,0.0234,0.0972,2,Drowsy
0.3092,0.3244,0.3157,0.2086,-1.4814,8.2311,5.0519,0.0198,0.0535,0,Attentive
0.3184,0.2131,0.2596,0.2287,13.2473,-0.3253,19.6475,0.0422,0.5417,1,Distracted
0.2968,0.2848,0.3032,0.2472,18.0264,17.23,12.4264,0.0076,0.4322,1,Distracted
0.296,0.2897,0.2631,0.2783,26.4138,9.5543,-9.0156,0.0386,0.3378,1,Distracted
0.2293,0.1665,0.2085,0.7497,4.8413,2.9388,4.8621,0.0449,0.059,2,Drowsy
0.2583,0.3047,0.2726,0.1762,-2.915,11.3433,6.7501,0.0224,0.004,0,Attentive
0.2932,0.2834,0.304,0.2988,35.7889,7.3163,5.4877,0.0397,0.3767,1,Distracted
0.2388,0.2111,0.1433,0.3949,5.8098,-5.3295,5.6818,0.0048,0.1209,2,Drowsy
0.2368,0.2952,0.3,0.2338,53.2477,6.854,14.1811,0.0172,0.1473,1,Distracted
0.0322,0.0,0.0434,0.6689,8.6252,9.3552,7.9301,0.0478,0.7069,3,Absent
0.1388,0.1859,0.2007,0.513,3.5311,6.0744,6.2577,0.0453,0.0696,2,Drowsy
0.2755,0.2647,0.2476,0.2961,37.2453,13.8842,-1.1635,0.0,0.4126,1,Distracted
0.0724,0.1691,0.1722,0.5169,3.4658,13.7535,-1.3933,0.0452,0.116,2,Drowsy
0.1121,0.0803,0.0819,0.6425,-0.168,-2.7173,19.6347,0.0556,0.7377,3,Absent
0.0701,0.0943,0.029,0.8888,4.6675,16.1915,16.1878,0.0468,0.4186,3,Absent
0.2174,0.1247,0.2412,0.2941,-5.0825,5.9057,13.6247,0.0338,0.0787,2,Drowsy
0.0381,0.0394,0.1081,0.4388,18.547,15.1471,22.1896,0.0072,0.5525,3,Absent
0.0949,0.0917,0.0633,0.6177,-6.1649,41.0415,23.2495,0.0695,0.231,3,Absent
0.26,0.2664,0.3158,0.324,51.5377,0.0938,2.9409,0.0452,0.3948,1,Distracted
0.235,0.2365,0.2997,0.3138,33.3471,17.802,-2.0452,0.0229,0.5148,1,Distracted
0.3443,0.3147,0.2943,0.1931,-3.5745,12.1181,2.6883,0.0145,0.0653,0,Attentive
0.3324,0.3268,0.236,0.3574,31.1821,16.0073,-0.4373,0.0328,0.3814,1,Distracted
0.1601,0.1509,0.2226,0.4095,-2.3878,10.5582,3.5142,0.0459,0.1556,2,Drowsy
0.3096,0.2685,0.2853,0.2895,37.3395,9.7587,8.0636,0.0141,0.4899,1,Distracted
0.257,0.2666,0.2689,0.2318,41.8547,23.9064,7.8201,0.0321,0.2514,1,Distracted
0.0683,0.1784,0.0472,0.7909,48.5253,20.682,6.8418,0.0654,0.589,3,Absent
0.2632,0.2836,0.2787,0.2295,55.1947,-4.8715,9.31,0.028,0.5401,1,Distracted
0.1284,0.1229,0.1021,0.6973,18.6814,29.1433,1.652,0.0,0.7824,3,Absent
0.2722,0.2473,0.2826,0.2737,-2.6233,1.3354,4.3322,0.0252,0.0176,0,Attentive
0.307,0.3088,0.2821,0.3433,6.7907,-5.3391,5.2828,0.0103,0.0736,0,Attentive
0.3147,0.319,0.3277,0.2705,1.0699,7.708,11.4994,0.0187,0.0208,0,Attentive
0.0405,0.0962,0.0624,0.5672,46.509,28.213,22.7237,0.0383,0.5128,3,Absent
0.3186,0.2889,0.3094,0.2485,12.0084,2.6402,-6.8652,0.0326,0.0228,0,Attentive
0.3132,0.2503,0.2666,0.3153,40.2501,4.2266,-4.06,0.0958,0.3359,1,Distracted
0.2037,0.1399,0.1572,0.4048,-0.8275,20.2302,-5.6051,0.0531,0.0283,2,Drowsy
0.2744,0.2799,0.2755,0.3399,7.4232,-3.5561,7.5312,0.022,0.0577,0,Attentive
0.3182,0.3669,0.2477,0.2308,20.7327,14.4176,6.0536,0.027,0.4309,1,Distracted
0.2718,0.2885,0.2949,0.3303,-13.6459,11.4407,-2.684,0.0063,0.0854,0,Attentive
0.1348,0.08,0.0812,0.6749,-2.2549,29.3738,-0.0624,0.0218,0.3402,3,Absent
0.2914,0.3086,0.2989,0.2288,-1.5587,5.3066,-5.5859,0.0275,0.0375,0,Attentive
0.2727,0.3532,0.2973,0.2219,37.9797,17.5248,1.4713,0.0518,0.3882,1,Distracted
0.156,0.1392,0.1852,0.2484,-12.365,25.3608,7.0884,0.0424,0.0945,2,Drowsy
0.1372,0.1462,0.1853,0.4686,9.0894,10.0607,-2.5037,0.0689,0.1309,2,Drowsy
0.3134,0.3174,0.2649,0.3564,34.2428,10.6243,7.0372,0.0937,0.4844,1,Distracted
0.2882,0.3318,0.3154,0.2842,-7.9276,11.4836,3.3063,0.0163,0.0543,0,Attentive
0.1533,0.1999,0.1395,0.6665,14.5388,15.8744,-2.9521,0.0441,0.1284,2,Drowsy
0.1749,0.141,0.2065,0.4054,3.3461,4.7658,-0.0837,0.0545,0.0685,2,Drowsy
0.0812,0.0771,0.1156,0.7073,32.5394,-0.8481,16.7379,0.0408,0.8424,3,Absent
0.2065,0.2651,0.089,0.3264,-18.7882,7.3976,8.9519,0.0421,0.1357,2,Drowsy
0.1332,0.1853,0.1969,0.3965,17.5236,1.3031,5.4174,0.057,0.0769,2,Drowsy
0.1824,0.235,0.1863,0.3735,14.221,9.6986,8.8092,0.0186,0.1216,2,Drowsy
0.3009,0.2539,0.2443,0.2311,29.5359,6.4614,17.9931,0.0511,0.4525,1,Distracted
0.3244,0.3233,0.2569,0.2699,37.8736,-3.7084,14.5695,0.0298,0.3784,1,Distracted
0.0652,0.0992,0.1216,0.5256,38.1964,29.2653,8.9065,0.0174,0.5732,3,Absent
0.3081,0.2617,0.273,0.3027,2.6836,7.7705,2.1416,0.0203,0.0781,0,Attentive
0.3173,0.2958,0.2691,0.2322,32.0123,13.1413,3.1035,0.0363,0.3939,1,Distracted
0.0151,0.021,0.1354,0.6445,13.4613,-1.6512,13.2825,0.0,0.4761,3,Absent
0.2761,0.3601,0.2815,0.3484,38.5161,15.8552,-5.028,0.0374,0.2765,1,Distracted
0.1482,0.1448,0.1753,0.5302,9.1499,1.1087,7.2608,0.0233,0.0156,2,Drowsy
0.2132,0.2481,0.2206,0.4097,4.5338,1.0506,2.8467,0.0412,0.0766,2,Drowsy
0.2978,0.2865,0.3049,0.2121,-6.0449,7.359,5.1476,0.012,0.0769,0,Attentive
0.0,0.07,0.0813,0.6221,26.0541,12.8464,25.0665,0.015,0.7974,3,Absent
0.0797,0.0836,0.1173,0.7276,6.4017,-12.8024,12.8937,0.0,0.3518,3,Absent
0.0572,0.0606,0.1041,0.6102,59.7041,28.4967,15.2991,0.0746,0.4539,3,Absent
0.3318,0.3828,0.3098,0.2246,2.7954,-9.3835,-1.4736,0.0159,0.0343,0,Attentive
0.2057,0.1811,0.1341,0.538,21.9695,12.4544,9.5021,0.0761,0.0468,2,Drowsy
0.064,0.047,0.0908,0.6535,10.8215,38.7672,37.759,0.085,0.6616,3,Absent
0.2626,0.3016,0.2823,0.1871,1.2639,0.8406,14.1336,0.0243,0.0087,0,Attentive
0.2071,0.1719,0.1405,0.5806,12.0719,6.0716,5.3697,0.0648,0.1139,2,Drowsy
0.07,0.0677,0.0981,0.7258,10.0735,-2.3913,27.3816,0.0164,0.6042,3,Absent
0.1034,0.1568,0.2041,0.5938,-5.2369,-1.2743,4.1512,0.0,0.0622,2,Drowsy
0.2844,0.3243,0.2472,0.2002,19.5025,-1.7066,8.5719,0.0019,0.3202,1,Distracted
0.3451,0.2901,0.2947,0.2186,0.6957,12.9297,-10.439,0.0328,0.0601,0,Attentive
0.3686,0.2261,0.2687,0.2781,57.9523,-3.2485,16.9022,0.0451,0.3917,1,Distracted
0.2464,0.3349,0.285,0.2396,42.9541,18.9319,8.8514,0.0094,0.3016,1,Distracted
0.061,0.2329,0.1846,0.2932,4.8076,16.7402,6.9972,0.062,0.0254,2,Drowsy
0.2891,0.2748,0.2739,0.1517,19.4497,-4.7225,0.8937,0.0172,0.0592,0,Attentive
0.2755,0.2977,0.3085,0.2638,9.6175,3.091,9.2677,0.0174,0.1316,0,Attentive
0.1546,0.1155,0.2039,0.4895,8.4842,0.3648,-1.9754,0.0411,0.0826,2,Drowsy
0.3055,0.354,0.331,0.2605,-0.9331,8.6499,-2.8677,0.0248,0.0652,0,Attentive
0.3162,0.2689,0.2952,0.2062,-8.0624,9.4832,11.5471,0.006,0.0669,0,Attentive
0.2447,0.2836,0.3208,0.3355,35.412,6.375,10.6851,0.0435,0.2882,1,Distracted
0.1184,0.0495,0.0753,0.3966,37.5102,30.6451,28.801,0.0946,0.3052,3,Absent
0.1947,0.127,0.1739,0.3774,6.8598,10.673,6.4057,0.0457,0.0557,2,Drowsy
0.0691,0.1611,0.0747,0.8443,30.1541,25.2676,13.6407,0.0792,0.5726,3,Absent
0.1363,0.1211,0.1505,0.4277,-1.3211,18.3515,4.8976,0.077,0.0962,2,Drowsy
0.322,0.2618,0.3262,0.2744,-2.8739,2.0093,9.9916,0.0273,0.0503,0,Attentive
0.1121,0.0736,0.0786,0.7433,33.9681,37.5235,21.6132,0.0679,0.4608,3,Absent
0.3076,0.2965,0.3054,0.3289,10.8836,9.0841,-0.2777,0.0111,0.0787,0,Attentive
0.1184,0.1954,0.1674,0.428,13.2235,2.4693,7.8754,0.0702,0.0618,2,Drowsy
0.1201,0.0415,0.0445,0.7658,-17.0684,18.8333,-11.0535,0.053,0.7208,3,Absent
0.3127,0.2682,0.2513,0.3064,45.8761,12.1064,0.1927,0.0391,0.3098,1,Distracted
0.1864,0.158,0.2735,0.4914,11.921,12.7368,7.1151,0.0507,0.0359,2,Drowsy
0.2875,0.301,0.3028,0.241,6.1666,7.85,5.6732,0.0101,0.0415,0,Attentive
0.0803,0.0573,0.0764,0.7778,24.049,31.3778,20.3439,0.0405,0.3496,3,Absent
0.2221,0.2676,0.2716,0.2303,35.26,5.7082,5.48,0.0324,0.2544,1,Distracted
0.3247,0.2232,0.2878,0.3242,42.4263,3.7077,22.4847,0.0045,0.2417,1,Distracted
0.1625,0.1779,0.2023,0.4847,25.1831,11.6315,1.6738,0.0288,0.0643,2,Drowsy
0.2393,0.2497,0.2457,0.2717,49.0423,9.9496,2.3407,0.0,0.4052,1,Distracted
0.1207,0.0362,0.0439,0.7643,26.8975,31.3758,4.4068,0.0,0.375,3,Absent
0.279,0.2965,0.265,0.2508,51.5615,15.5936,9.9617,0.0545,0.4026,1,Distracted
0.2326,0.2478,0.1944,0.3462,1.3751,7.6192,5.3523,0.0404,0.0912,2,Drowsy
0.2919,0.2799,0.2849,0.2832,19.0849,15.5741,8.7933,0.0436,0.4447,1,Distracted
0.2877,0.3306,0.2905,0.3541,6.4469,-5.9298,1.3573,0.0135,0.0,0,Attentive
0.3398,0.2578,0.3146,0.2132,-8.3221,4.5297,7.0474,0.0116,0.005,0,Attentive
0.2956,0.233,0.3189,0.2757,36.0271,7.2163,9.6371,0.0457,0.3835,1,Distracted
0.1889,0.2006,0.16,0.3558,23.656,5.5899,3.0777,0.0536,0.1438,2,Drowsy
0.1592,0.2209,0.1821,0.4337,10.0489,3.745,2.5665,0.0534,0.0787,2,Drowsy
0.2151,0.2136,0.2251,0.5338,5.9085,4.5325,2.0612,0.0224,0.0802,2,Drowsy
0.3187,0.268,0.2964,0.256,7.1155,7.9813,-3.6232,0.0047,0.0883,0,Attentive
0.0932,0.0842,0.1166,0.6319,14.6479,16.5575,3.9753,0.0934,0.7779,3,Absent
0.1628,0.1613,0.1956,0.4395,-2.0261,16.8341,4.7021,0.0487,0.011,2,Drowsy
0.1364,0.1796,0.1708,0.4604,-0.3576,18.3241,4.7398,0.0224,0.1167,2,Drowsy
0.306,0.3131,0.3101,0.3118,-5.5684,7.7615,7.9625,0.0022,0.0596,0,Attentive
0.3043,0.3255,0.3173,0.2791,-3.3995,-10.356,0.0347,0.03,0.0918,0,Attentive
0.2636,0.2311,0.1933,0.2177,48.3536,5.9717,3.984,0.0431,0.5306,1,Distracted
0.2216,0.1958,0.1758,0.5428,-3.6788,6.2006,2.9946,0.0153,0.0632,2,Drowsy
0.0,0.1055,0.0,0.6283,29.8599,3.2336,26.5406,0.0652,0.6262,3,Absent
0.0391,0.0347,0.0192,0.7242,40.0343,51.8021,-2.6886,0.073,0.7166,3,Absent
0.142,0.119,0.1847,0.4835,6.9168,19.8255,-4.6688,0.0572,0.0361,2,Drowsy
0.3274,0.2536,0.3397,0.2787,14.1968,-6.3949,-4.8291,0.0185,0.0651,0,Attentive
0.3007,0.3164,0.2705,0.3057,8.7231,8.0273,4.1924,0.0202,0.0702,0,Attentive
0.2997,0.3092,0.3453,0.2329,5.2268,-0.5645,-2.2318,0.0142,0.0356,0,Attentive
0.3286,0.2975,0.2799,0.2708,40.7926,5.8647,-0.1154,0.0422,0.3356,1,Distracted
0.1453,0.0841,0.0835,0.6895,28.2654,15.0374,19.2031,0.0185,0.3902,3,Absent
0.2018,0.1683,0.2035,0.5413,11.189,8.9428,-1.1998,0.0278,0.1038,2,Drowsy
0.3402,0.2624,0.2401,0.1325,23.2308,8.8634,14.5947,0.0435,0.3805,1,Distracted
0.2667,0.3074,0.3125,0.307,15.6443,-4.1057,-2.0543,0.0074,0.043,0,Attentive
0.2895,0.2895,0.292,0.3538,6.0555,6.0103,7.1514,0.0224,0.0422,0,Attentive
0.3128,0.271,0.2988,0.2498,-6.2669,13.5238,6.3868,0.0178,0.0508,0,Attentive
0.2038,0.1848,0.1606,0.2648,5.9767,12.2439,-3.8743,0.0153,0.0901,2,Drowsy
0.136,0.1129,0.0085,0.4814,41.2802,16.2984,16.9701,0.0842,0.5487,3,Absent
0.2982,0.2028,0.2744,0.2374,-6.9823,14.4269,-5.1507,0.0156,0.0539,0,Attentive
0.3187,0.3211,0.3539,0.2342,-4.5282,4.7226,-2.0114,0.0348,0.0415,0,Attentive
0.0395,0.1284,0.0646,0.6335,0.3082,-5.3961,14.6213,0.0213,0.7356,3,Absent
0.2666,0.2888,0.2298,0.3958,33.7668,8.5416,-0.7924,0.0305,0.4887,1,Distracted
0.0842,0.0118,0.084,0.7653,10.4152,39.7241,4.5277,0.0502,0.8571,3,Absent
0.2206,0.3311,0.2779,0.2684,45.7616,14.2232,-1.7718,0.0286,0.3165,1,Distracted
0.1494,0.0731,0.1012,0.8618,18.8268,4.0035,10.3864,0.0109,0.6244,3,Absent
0.3402,0.2777,0.2879,0.3115,16.4801,6.9402,-2.3991,0.0399,0.0341,0,Attentive
0.2953,0.3346,0.2579,0.3144,33.6816,8.1591,0.3668,0.0633,0.3124,1,Distracted
0.1338,0.1785,0.1685,0.5286,-4.596,16.1631,10.7681,0.04,0.0824,2,Drowsy
0.214,0.1054,0.181,0.5479,-1.1452,-1.8125,3.071,0.0388,0.0437,2,Drowsy
0.3142,0.3445,0.3089,0.2343,2.9943,-5.7529,5.0226,0.0288,0.0364,0,Attentive
0.1997,0.1616,0.1961,0.3604,13.5701,15.3062,6.8418,0.0559,0.0502,2,Drowsy
0.3097,0.3247,0.2959,0.3101,3.0703,3.405,0.672,0.0268,0.0374,0,Attentive
0.2463,0.2293,0.3089,0.2993,39.7846,6.2998,3.3239,0.0226,0.3419,1,Distracted
0.2551,0.2084,0.3152,0.3563,31.0751,7.0205,7.7193,0.0595,0.3909,1,Distracted
0.2804,0.2907,0.2474,0.2569,-12.089,3.3714,6.3264,0.0152,0.1003,0,Attentive
0.1409,0.108,0.163,0.4928,4.8987,27.135,9.4346,0.0214,0.0321,2,Drowsy
0.0702,0.1177,0.1088,0.5084,-13.2171,32.3147,1.9974,0.0001,0.7552,3,Absent
0.3382,0.3213,0.2307,0.3067,45.2086,18.9186,-1.6798,0.0169,0.4495,1,Distracted
0.2038,0.2765,0.3574,0.3283,61.285,18.824,11.1649,0.0695,0.3877,1,Distracted
0.1817,0.2022,0.227,0.3876,1.4527,8.1283,8.498,0.0583,0.0708,2,Drowsy
0.1497,0.1275,0.0929,0.6021,39.157,13.033,33.8447,0.0533,0.796,3,Absent
0.2539,0.3166,0.3228,0.1799,48.5951,30.6042,6.512,0.042,0.4537,1,Distracted
0.2212,0.1627,0.1334,0.3283,-6.3345,11.8225,11.3846,0.0287,0.1052,2,Drowsy
0.3046,0.2753,0.328,0.25,2.9256,0.7047,2.776,0.0283,0.024,0,Attentive
0.1087,0.0,0.1142,0.561,13.2661,22.8053,22.0395,0.0634,0.54,3,Absent
0.0543,0.0582,0.0888,0.6559,36.2868,12.7961,0.3794,0.0608,0.4545,3,Absent
0.0547,0.1108,0.0819,0.637,-13.1959,32.9755,12.3861,0.0535,0.4003,3,Absent
0.152,0.1698,0.1699,0.4211,10.6025,5.8782,2.0768,0.013,0.121,2,Drowsy
0.2106,0.1303,0.16,0.5756,5.135,-1.1907,-0.0948,0.0541,0.1198,2,Drowsy
0.3275,0.3104,0.325,0.1052,19.707,2.0229,7.5409,0.0096,0.0684,0,Attentive
0.2805,0.2854,0.2852,0.2068,3.3882,-2.8167,3.3523,0.0195,0.0428,0,Attentive
0.3259,0.2774,0.2873,0.3392,52.894,6.9946,6.6019,0.0636,0.1376,1,Distracted
0.1826,0.1139,0.0306,0.6086,30.7273,27.2494,26.8479,0.0471,0.4773,3,Absent
0.3058,0.3393,0.2981,0.2408,7.7386,3.6952,0.048,0.0252,0.0304,0,Attentive
0.2316,0.3297,0.3055,0.284,54.9817,7.3223,12.9362,0.0335,0.2475,1,Distracted
0.1762,0.1137,0.2343,0.4746,-5.3048,-8.5402,-7.638,0.0554,0.0552,2,Drowsy
0.1828,0.0363,0.0958,0.6554,32.0353,30.4519,17.465,0.0488,0.4631,3,Absent
0.1128,0.0831,0.0772,0.5535,31.7896,45.1728,-11.6025,0.0477,0.3559,3,Absent
0.1995,0.2149,0.1867,0.5651,3.3089,7.5652,-0.5851,0.0088,0.1542,2,Drowsy
0.1289,0.0757,0.1041,0.8685,6.9994,17.8493,33.8356,0.0701,0.41,3,Absent
0.2972,0.2895,0.3068,0.3123,43.6142,23.5099,10.3017,0.0268,0.2377,1,Distracted
0.2525,0.2718,0.286,0.1482,3.3799,1.2565,-6.3645,0.024,0.0715,0,Attentive
0.0335,0.0188,0.0563,0.6589,9.6925,15.1475,23.339,0.035,0.2832,3,Absent
0.3053,0.3896,0.3092,0.2343,10.3744,6.3788,4.1005,0.0261,0.1117,0,Attentive
0.2987,0.3017,0.3212,0.1377,-1.8536,4.479,8.0004,0.0151,0.0,0,Attentive
0.1628,0.0376,0.0241,0.6524,19.4842,37.564,0.2497,0.0339,0.1205,3,Absent
0.1877,0.1672,0.1611,0.3567,-1.022,5.1946,1.5618,0.0268,0.164,2,Drowsy
0.045,0.1699,0.1031,0.2114,11.2449,-0.7613,5.4024,0.0457,0.6208,3,Absent
0.2807,0.2792,0.255,0.2474,40.1285,-3.8536,8.5583,0.0222,0.4326,1,Distracted
0.0175,0.1094,0.128,0.5813,29.1243,43.7227,19.0662,0.0381,0.7582,3,Absent
0.1764,0.1906,0.1639,0.4162,-0.6082,23.3381,11.3195,0.0511,0.133,2,Drowsy
0.0343,0.0988,0.0976,0.4147,20.6973,26.2231,13.9955,0.0607,0.2817,3,Absent
0.1299,0.0696,0.0668,0.7572,18.401,25.8344,22.9433,0.0265,0.627,3,Absent
0.3332,0.2831,0.2796,0.2539,9.8931,3.9734,-5.885,0.012,0.0478,0,Attentive
0.3229,0.2537,0.2842,0.2798,-2.0743,1.3482,5.7209,0.0242,0.058,0,Attentive
0.2562,0.3357,0.3169,0.1642,24.6864,2.5538,-2.3874,0.0059,0.0434,0,Attentive
0.218,0.1985,0.1932,0.5281,0.5985,4.9681,8.0489,0.0131,0.0,2,Drowsy
0.2866,0.2805,0.3373,0.1941,19.5728,-6.1585,7.2359,0.0333,0.5043,1,Distracted
0.1518,0.2588,0.1573,0.2832,10.8815,7.0815,2.4848,0.0291,0.1549,2,Drowsy
0.279,0.3051,0.3383,0.2958,28.2944,14.6725,1.7342,0.0199,0.198,1,Distracted
0.3275,0.2835,0.2971,0.2182,16.9108,0.7513,11.1628,0.0281,0.0645,0,Attentive
0.1922,0.2318,0.2002,0.3492,-9.7844,10.4901,1.3577,0.0204,0.0293,2,Drowsy
0.1198,0.0841,0.1371,0.8085,13.9474,23.7309,21.9215,0.0509,0.2718,3,Absent
0.2145,0.201,0.174,0.4169,2.3021,8.0662,0.1388,0.0122,0.1255,2,Drowsy
0.1037,0.1719,0.129,0.4339,4.2782,16.9483,-3.5379,0.0582,0.0839,2,Drowsy
0.205,0.1812,0.2351,0.6045,7.4644,10.5059,4.3297,0.0,0.0242,2,Drowsy
0.1191,0.1872,0.2034,0.3052,2.3689,13.7273,-10.6689,0.0667,0.0941,2,Drowsy
0.3205,0.3417,0.3447,0.2377,-15.4118,-2.7462,-0.134,0.0174,0.0444,0,Attentive
0.0402,0.0569,0.1057,0.449,11.8098,36.3023,9.659,0.0,0.8058,3,Absent
0.0827,0.1265,0.0893,0.8077,-15.9791,17.1767,34.7374,0.0787,0.8151,3,Absent
0.2992,0.2397,0.2859,0.1503,40.7904,16.6034,9.4853,0.0221,0.3809,1,Distracted
0.1331,0.0854,0.076,0.578,5.7149,24.7589,-5.99,0.0737,0.3392,3,Absent
0.0108,0.1449,0.0727,0.7416,37.2778,2.6383,25.5871,0.0072,0.276,3,Absent
0.327,0.2286,0.2807,0.2159,34.3887,7.7382,4.7195,0.014,0.2013,1,Distracted
0.3198,0.3011,0.2531,0.2829,18.7795,16.8589,3.4266,0.0213,0.3467,1,Distracted
0.1785,0.1807,0.2053,0.6511,0.9596,1.1497,-1.8346,0.044,0.0992,2,Drowsy
0.2311,0.2062,0.2513,0.3663,39.0113,15.986,9.4314,0.0182,0.4888,1,Distracted
0.0327,0.0879,0.0556,0.909,0.9627,41.0097,17.637,0.0742,0.6992,3,Absent
0.2706,0.2604,0.1907,0.3032,41.5238,26.019,0.2701,0.0126,0.082,1,Distracted
0.2175,0.1612,0.2077,0.5439,6.9154,21.354,-0.4214,0.0303,0.0885,2,Drowsy
0.0521,0.0926,0.0634,0.6169,28.2626,13.5179,16.4591,0.0044,0.3835,3,Absent
0.1367,0.1672,0.2155,0.4147,10.6299,3.2716,-1.2558,0.0081,0.1325,2,Drowsy
0.2866,0.3616,0.2797,0.3553,3.2791,-6.6286,8.8404,0.0213,0.0755,0,Attentive
0.2411,0.3138,0.3262,0.2459,16.9567,9.0188,4.8414,0.0309,0.06,0,Attentive
0.2601,0.2822,0.2954,0.3312,31.6626,-9.0376,2.1027,0.0309,0.4723,1,Distracted
0.0892,0.1683,0.1072,0.7309,3.8463,46.5359,31.5206,0.0247,0.455,3,Absent
0.31,0.2775,0.3388,0.2558,12.4344,3.4726,12.3037,0.0376,0.0425,0,Attentive
0.2926,0.2886,0.3193,0.3206,37.3143,25.1842,7.5216,0.0561,0.4107,1,Distracted
0.2282,0.1617,0.1712,0.4522,-10.7199,5.8715,-8.429,0.0283,0.1142,2,Drowsy
0.0957,0.0929,0.0876,0.5618,29.8915,25.8662,12.4806,0.0702,0.5309,3,Absent
0.1923,0.1695,0.2316,0.2014,12.9605,14.3292,6.2839,0.0,0.1314,2,Drowsy
0.1862,0.2149,0.1817,0.498,9.7269,3.9651,5.4959,0.035,0.0747,2,Drowsy
0.0879,0.1163,0.0428,0.8268,32.39,33.3395,2.038,0.0851,0.4868,3,Absent
0.2709,0.2881,0.3309,0.269,-4.7444,0.8278,-1.0716,0.0129,0.0794,0,Attentive
0.0834,0.1806,0.102,0.5232,-0.441,-9.2563,-0.071,0.0286,0.1276,2,Drowsy
0.0535,0.0414,0.0655,0.4684,24.5441,20.7325,3.7989,0.0971,0.6714,3,Absent
0.0,0.0715,0.0985,0.7436,25.7443,46.421,15.3469,0.0894,0.4207,3,Absent
0.1647,0.0623,0.0538,0.7479,7.1866,17.831,-0.8299,0.0556,0.5636,3,Absent
0.1531,0.2468,0.2057,0.3592,4.2468,27.8154,-2.2128,0.0506,0.0671,2,Drowsy
0.2799,0.2982,0.2735,0.1251,4.6037,7.2623,3.3103,0.0005,0.0395,0,Attentive
0.3444,0.2424,0.2167,0.3171,39.1583,-0.0843,-4.1785,0.0607,0.4914,1,Distracted
0.1068,0.1163,0.081,0.7897,38.1448,25.3156,11.1838,0.0044,0.6965,3,Absent
0.2816,0.2884,0.3071,0.2667,8.2684,17.0714,1.1153,0.012,0.0086,0,Attentive
0.3049,0.3031,0.3037,0.1794,9.4252,4.6774,5.6653,0.0011,0.0593,0,Attentive
0.3368,0.3037,0.2553,0.3232,34.1573,7.1289,7.6113,0.0152,0.3156,1,Distracted
0.2061,0.1684,0.2477,0.3308,-2.9385,6.3767,6.0661,0.001,0.0468,2,Drowsy
0.2931,0.3209,0.3462,0.3063,0.8489,-4.7457,14.8668,0.0206,0.0504,0,Attentive
0.1948,0.1478,0.1569,0.4264,-2.4315,14.3828,-2.7402,0.042,0.0853,2,Drowsy
0.1281,0.2489,0.232,0.4952,2.2128,6.4231,7.7903,0.0752,0.0572,2,Drowsy
0.0901,0.0882,0.0822,0.6611,14.5025,41.276,24.1289,0.0506,0.4606,3,Absent
0.297,0.282,0.2758,0.2466,5.9118,17.6524,-5.5594,0.0316,0.0792,0,Attentive
0.314,0.3456,0.2763,0.3374,10.4575,1.3441,7.6781,0.0089,0.0253,0,Attentive
0.2179,0.1501,0.1504,0.5737,0.2988,-2.1043,1.5744,0.0334,0.1422,2,Drowsy
0.2175,0.1538,0.2389,0.3504,-6.765,15.6124,1.0418,0.0399,0.0671,2,Drowsy
0.078,0.0,0.1384,0.7836,31.7378,26.1021,33.6306,0.0258,0.3674,3,Absent
0.0835,0.0,0.097,0.603,15.5671,-8.4607,20.9231,0.0065,0.5737,3,Absent
0.3165,0.278,0.2925,0.1686,4.4959,2.6901,-1.6448,0.0181,0.0554,0,Attentive
0.2524,0.3386,0.3182,0.3113,29.6168,1.1818,1.4527,0.061,0.2872,1,Distracted
0.1435,0.1615,0.192,0.6318,0.1278,14.4383,2.3597,0.0422,0.1406,2,Drowsy
0.0394,0.0471,0.0553,0.6248,51.9039,-0.6518,30.5461,0.0721,0.8634,3,Absent
0.1609,0.0687,0.1792,0.3758,17.5106,3.3164,-1.4882,0.0502,0.0536,2,Drowsy
0.3211,0.2317,0.3372,0.3341,34.1524,8.5127,7.8837,0.0604,0.3602,1,Distracted
0.2231,0.2367,0.3061,0.4542,15.3632,16.1011,8.9802,0.0755,0.0632,2,Drowsy
0.3003,0.2537,0.2861,0.2291,35.2091,13.3086,15.0727,0.0038,0.3982,1,Distracted
0.2796,0.329,0.3248,0.3187,-3.8191,6.3276,5.1623,0.0153,0.0268,0,Attentive
0.221,0.1628,0.191,0.3191,11.8796,1.7335,7.9263,0.017,0.1213,2,Drowsy
0.1481,0.1507,0.1606,0.6651,18.4503,13.9702,-0.8031,0.0579,0.0705,2,Drowsy
0.3607,0.3002,0.2952,0.2321,1.5569,12.6099,-9.0593,0.0353,0.0073,0,Attentive
0.174,0.1354,0.2255,0.397,-1.5227,-6.3696,6.8564,0.0076,0.05,2,Drowsy
0.0266,0.0423,0.1487,0.5712,17.7794,13.2962,0.208,0.0277,0.2898,3,Absent
0.0755,0.0889,0.0928,0.6428,29.7592,-5.6681,17.4589,0.0087,0.3575,3,Absent
0.1634,0.2004,0.1924,0.3992,1.8061,4.4223,2.6077,0.0485,0.0013,2,Drowsy
0.1041,0.0594,0.0927,0.6723,19.2915,20.1942,15.7414,0.0539,0.562,3,Absent
0.0854,0.0,0.0838,0.6903,-19.4557,49.1607,18.7345,0.0702,0.3169,3,Absent
0.137,0.1635,0.2014,0.3367,-8.5841,8.5046,-4.4823,0.014,0.1103,2,Drowsy
0.1997,0.1612,0.1585,0.259,8.7854,18.3935,-0.5798,0.0091,0.1121,2,Drowsy
0.0336,0.075,0.0569,0.922,46.4591,35.9457,-2.8837,0.0759,0.5875,3,Absent
0.1845,0.2118,0.1762,0.3965,7.716,7.3333,12.4287,0.0647,0.1184,2,Drowsy
0.0475,0.101,0.0769,0.5053,52.7126,10.5952,26.1311,0.0753,0.2981,3,Absent
0.3129,0.3208,0.3044,0.2316,-3.6207,3.603,-3.3607,0.0,0.0631,0,Attentive
0.3097,0.3298,0.2595,0.3435,31.2491,11.1003,14.8103,0.0091,0.3703,1,Distracted
0.3004,0.3861,0.2583,0.3029,1.6176,8.4034,4.2065,0.0127,0.0569,0,Attentive
0.1769,0.104,0.1089,0.4381,34.0336,14.6568,-0.8734,0.0214,0.297,3,Absent
0.1525,0.139,0.1762,0.5532,-7.5751,19.6291,3.1398,0.0253,0.016,2,Drowsy
0.2866,0.2636,0.2448,0.2385,4.0869,2.6325,1.2756,0.0204,0.0807,0,Attentive
0.0408,0.1382,0.1113,0.6474,22.5981,19.874,20.8441,0.026,0.7225,3,Absent
0.3183,0.3168,0.327,0.2917,6.6734,2.5088,-6.3048,0.0243,0.0562,0,Attentive
0.1532,0.2501,0.177,0.296,-5.5575,8.3491,4.6991,0.0794,0.0385,2,Drowsy
0.2865,0.3,0.315,0.1778,-15.3694,-0.8538,-4.1036,0.0149,0.0456,0,Attentive
0.0734,0.0881,0.146,1.0,-9.4019,34.7586,13.125,0.0814,0.7415,3,Absent
0.189,0.1259,0.1381,0.6173,-0.9691,0.4563,11.3869,0.0602,0.131,2,Drowsy
0.1012,0.0527,0.1061,0.7073,18.1788,18.0177,21.2826,0.0737,0.5626,3,Absent
0.2891,0.1255,0.1864,0.2728,-11.9764,8.7826,4.8718,0.0652,0.096,2,Drowsy
0.1747,0.1834,0.0918,0.4517,-10.6176,-1.7676,-2.6766,0.0191,0.058,2,Drowsy
0.1971,0.2277,0.2047,0.5432,5.3754,0.5108,-0.0482,0.0464,0.1177,2,Drowsy
0.3005,0.2708,0.3161,0.251,-15.5625,8.4784,1.8788,0.032,0.0171,0,Attentive
0.0498,0.0843,0.0892,0.6837,21.2094,10.8527,4.42,0.0387,0.7783,3,Absent
0.1805,0.2617,0.3382,0.2514,29.1127,7.1724,-1.7254,0.0,0.4553,1,Distracted
0.2488,0.3197,0.2141,0.1886,34.7824,12.9328,7.9084,0.024,0.603,1,Distracted
0.0767,0.168,0.0826,0.7742,34.1652,0.6069,12.9632,0.1137,0.4491,3,Absent
0.1196,0.1137,0.0396,0.8236,-0.9383,36.3836,8.3983,0.0549,0.5952,3,Absent
0.2467,0.3123,0.2743,0.1824,-9.1789,10.7888,-1.1463,0.0353,0.0339,0,Attentive
0.2624,0.2588,0.2423,0.2541,9.559,2.6394,3.1344,0.0422,0.346,1,Distracted
0.3156,0.346,0.2973,0.2701,8.5212,0.1915,3.1205,0.0201,0.0529,0,Attentive
0.0862,0.0379,0.063,0.7381,-0.6297,13.0137,22.1696,0.0763,0.5114,3,Absent
0.2149,0.2995,0.2974,0.2273,16.8098,-3.2113,5.859,0.0236,0.0878,0,Attentive
0.2943,0.1949,0.2152,0.3291,28.4379,0.1214,12.6251,0.0366,0.4372,1,Distracted
0.2786,0.3162,0.3621,0.196,33.7543,-1.8046,14.5521,0.0182,0.2057,1,Distracted
0.2525,0.2954,0.3079,0.3473,53.8355,9.3255,12.1617,0.0232,0.4402,1,Distracted
0.2156,0.3101,0.2421,0.2597,52.5973,-4.0922,-4.1956,0.0354,0.4649,1,Distracted
0.0915,0.0876,0.0543,0.6303,20.5694,22.9304,14.2118,0.0719,0.5687,3,Absent
0.3202,0.2198,0.2941,0.2589,23.0457,13.4965,6.2062,0.0722,0.2875,1,Distracted
0.2725,0.3213,0.3309,0.2512,26.3412,11.3886,9.989,0.046,0.2076,1,Distracted
0.1806,0.1638,0.134,0.2806,-2.7738,9.5505,3.968,0.03,0.0881,2,Drowsy
0.1437,0.0052,0.0345,0.7084,-0.9097,1.9952,16.4803,0.0184,0.5234,3,Absent
0.0395,0.0,0.0886,0.5621,49.9346,26.1471,12.9427,0.0308,0.2511,3,Absent
0.083,0.1225,0.1632,0.5076,-14.738,20.7428,4.8528,0.0672,0.0446,2,Drowsy
0.0878,0.0046,0.0299,0.7207,15.9623,18.8813,7.6472,0.0651,0.4898,3,Absent
0.1588,0.1501,0.1996,0.277,-10.0089,13.0686,6.4389,0.0427,0.0448,2,Drowsy
0.1611,0.1996,0.1473,0.3457,-4.9263,8.197,-1.8892,0.0315,0.1161,2,Drowsy
0.2749,0.2989,0.1847,0.29,21.2031,13.2435,-1.218,0.0129,0.3226,1,Distracted
0.1627,0.2172,0.1889,0.5357,-12.1304,10.524,7.2693,0.013,0.1145,2,Drowsy
0.051,0.0341,0.0366,0.5867,23.6472,40.4017,28.2641,0.0015,0.3922,3,Absent
0.3035,0.2952,0.3168,0.2607,-3.0158,0.7666,-1.9801,0.0308,0.0506,0,Attentive
0.2897,0.2775,0.3084,0.2227,17.534,-5.885,9.6808,0.0189,0.059,0,Attentive
0.2858,0.2043,0.2778,0.2937,33.9661,4.3692,-0.6794,0.0526,0.3531,1,Distracted
0.3318,0.2172,0.2614,0.2858,24.1022,5.778,3.6923,0.0253,0.5355,1,Distracted
0.3161,0.3193,0.2576,0.3003,-1.5576,0.4952,15.1894,0.023,0.0384,0,Attentive
0.3163,0.2861,0.2884,0.2621,-12.3062,-9.0744,-0.8114,0.0099,0.0594,0,Attentive
0.3542,0.38,0.3024,0.3058,4.8568,6.4922,0.2893,0.022,0.0661,0,Attentive
0.3649,0.2908,0.3055,0.2625,15.6196,2.3329,3.3951,0.0261,0.0556,0,Attentive
0.0956,0.1382,0.1068,0.6752,23.7018,28.0734,6.9435,0.0286,0.8351,3,Absent
0.2118,0.3197,0.3049,0.2491,-0.1081,10.8688,6.7376,0.0123,0.0622,0,Attentive
0.1282,0.0216,0.0837,0.7123,27.9714,25.5319,22.187,0.0554,0.2574,3,Absent
0.0337,0.0985,0.0907,0.6278,3.2926,28.9286,23.4415,0.0534,0.3359,3,Absent
0.235,0.2549,0.1487,0.4417,0.4011,4.6381,9.9295,0.0138,0.0987,2,Drowsy
0.273,0.3008,0.2998,0.3043,6.7976,2.8248,6.0888,0.0339,0.0667,0,Attentive
0.2808,0.2603,0.3411,0.3005,-2.5052,18.7671,6.9088,0.0168,0.0,0,Attentive
0.1167,0.1235,0.0102,0.8315,6.081,12.3584,6.5667,0.0784,0.514,3,Absent
0.2667,0.2653,0.2578,0.2882,31.1122,15.0223,-4.7339,0.0277,0.3632,1,Distracted
0.3615,0.2512,0.2861,0.2516,12.099,5.7963,3.5524,0.0087,0.0153,0,Attentive
0.121,0.2805,0.2217,0.4501,-2.6273,6.5993,4.419,0.0488,0.14,2,Drowsy
0.2167,0.1193,0.201,0.6362,2.2962,5.9492,7.0522,0.0334,0.1527,2,Drowsy
0.2872,0.2603,0.2581,0.1739,35.2346,9.4724,8.9209,0.0314,0.3367,1,Distracted
0.2823,0.2446,0.2893,0.3015,0.3048,-2.925,6.6284,0.0167,0.0347,0,Attentive
0.3258,0.3024,0.3285,0.2306,-5.789,12.9435,1.4326,0.0222,0.087,0,Attentive
0.3141,0.3565,0.3336,0.3297,-1.0897,-3.9272,1.3711,0.0206,0.0828,0,Attentive
0.1546,0.1415,0.0965,0.4319,16.155,13.8406,5.1385,0.0253,0.1199,2,Drowsy
0.2049,0.1751,0.2116,0.4884,-3.0251,-2.5534,3.2141,0.0295,0.0935,2,Drowsy
0.1658,0.2651,0.1154,0.3745,19.1728,7.6432,0.4701,0.0634,0.0822,2,Drowsy
0.3098,0.3393,0.1888,0.2867,14.1712,34.4179,2.1913,0.0449,0.3465,1,Distracted
0.0287,0.1717,0.1,0.7123,-9.9165,31.9182,21.0769,0.0987,0.4877,3,Absent
0.3128,0.3006,0.284,0.2744,17.4348,1.6637,5.5988,0.0071,0.0213,0,Attentive
0.2069,0.1248,0.1517,0.5865,2.3736,17.5007,3.2516,0.0206,0.0679,2,Drowsy
0.2766,0.3061,0.2886,0.2593,15.073,7.2392,4.543,0.0157,0.0055,0,Attentive
0.1863,0.292,0.2658,0.3122,46.3306,11.9516,14.9915,0.0264,0.4125,1,Distracted
0.2082,0.1862,0.1449,0.3531,-11.9888,1.3494,7.9697,0.0665,0.1074,2,Drowsy
0.3291,0.3194,0.3342,0.2018,8.4884,10.409,-6.7937,0.0082,0.0,0,Attentive
0.2507,0.3889,0.3096,0.3461,40.9039,-6.0626,7.3697,0.0515,0.2647,1,Distracted
0.3094,0.2818,0.3114,0.227,-2.5568,-5.0805,-6.7591,0.0161,0.0547,0,Attentive
0.3141,0.2602,0.2899,0.3378,48.9871,9.4117,3.6744,0.0338,0.235,1,Distracted
0.1083,0.0112,0.0659,0.5223,54.2437,-0.0924,13.5353,0.0,0.8699,3,Absent
0.0504,0.0395,0.114,0.6943,-1.3407,7.9874,33.775,0.0223,0.7369,3,Absent
0.0517,0.1076,0.0665,0.3247,86.4492,22.1354,16.0703,0.0038,0.2571,3,Absent
0.2983,0.3355,0.3085,0.247,-1.8156,-1.4326,-2.2531,0.0146,0.0727,0,Attentive
0.3191,0.1846,0.2602,0.1713,23.5917,-21.3851,4.1781,0.0072,0.356,1,Distracted
0.0728,0.0374,0.1243,0.7227,14.3524,22.1322,-0.6975,0.0274,0.8607,3,Absent
0.2138,0.2992,0.3443,0.3331,-0.6568,-1.2155,4.3439,0.01,0.0591,0,Attentive
0.3045,0.2631,0.3245,0.3153,26.5223,10.3226,-0.363,0.0263,0.2945,1,Distracted
0.2426,0.237,0.2407,0.4027,41.3641,13.0449,-1.3451,0.0425,0.3383,1,Distracted
0.3425,0.3156,0.3406,0.3124,29.8401,23.2334,4.8016,0.0344,0.3457,1,Distracted
0.3055,0.2995,0.3145,0.256,-4.7846,11.376,1.2074,0.0197,0.022,0,Attentive
0.2588,0.3111,0.2289,0.2941,11.1837,7.3286,7.6421,0.0196,0.245,1,Distracted
0.311,0.3551,0.2944,0.2325,2.8446,0.8777,5.9997,0.0038,0.0184,0,Attentive
0.365,0.169,0.2737,0.3835,36.4621,17.5342,5.599,0.0167,0.1258,1,Distracted
0.2249,0.2663,0.32,0.3494,32.9421,2.6533,10.7356,0.0537,0.2335,1,Distracted
0.0885,0.0598,0.1113,0.6712,14.9616,-8.8895,17.9197,0.0407,0.5379,3,Absent
0.3117,0.3075,0.2951,0.2122,11.3897,14.5878,-0.4178,0.0139,0.0647,0,Attentive
0.2402,0.3261,0.3465,0.3036,48.2775,7.5415,-3.026,0.0422,0.4069,1,Distracted
0.3358,0.3268,0.2657,0.2676,-12.8258,3.3285,11.4888,0.0105,0.025,0,Attentive
0.19,0.217,0.1607,0.2732,8.6759,0.4722,-2.9415,0.0136,0.104,2,Drowsy
0.0931,0.0088,0.0704,0.7192,32.1592,-7.8972,23.4769,0.0426,0.513,3,Absent
0.1622,0.0418,0.0897,0.6986,29.6152,31.5394,16.9957,0.0654,0.3677,3,Absent
0.2937,0.2704,0.2967,0.2538,1.2012,-1.55,2.8433,0.0244,0.0173,0,Attentive
0.0,0.0287,0.0673,0.7373,19.7107,18.919,3.157,0.0507,0.8138,3,Absent
0.3097,0.3025,0.2937,0.2969,39.5167,12.7194,4.6885,0.0602,0.2187,1,Distracted
0.263,0.3417,0.2661,0.2402,-5.3382,6.9929,0.3428,0.0148,0.0756,0,Attentive
0.2703,0.283,0.3025,0.2248,-9.4053,3.4799,-3.3115,0.0247,0.0224,0,Attentive
0.1582,0.2111,0.1963,0.4543,-3.2193,4.1451,-8.1488,0.0447,0.0811,2,Drowsy
0.273,0.2501,0.2334,0.3585,41.6557,-6.2392,9.5789,0.0484,0.3624,1,Distracted
0.254,0.2669,0.3501,0.2615,39.3227,15.4132,-1.0038,0.0129,0.2294,1,Distracted
0.1082,0.0381,0.0695,0.7239,7.3317,29.758,21.6359,0.0419,0.7824,3,Absent
0.148,0.0253,0.0624,0.5087,-4.0984,10.5827,19.3993,0.0731,0.3603,3,Absent
0.2415,0.175,0.1795,0.6079,-1.2658,14.5146,3.0069,0.0199,0.08,2,Drowsy
0.3366,0.2887,0.3139,0.2369,44.5504,16.5439,6.7395,0.0563,0.2961,1,Distracted
0.3013,0.3287,0.2879,0.2477,2.8675,7.7833,4.9537,0.0178,0.0519,0,Attentive
0.046,0.1466,0.105,0.5376,50.5642,22.5215,6.3246,0.0831,0.6489,3,Absent
0.3006,0.3205,0.2922,0.2662,1.9589,3.679,4.9758,0.0118,0.1128,0,Attentive
0.1958,0.2285,0.1514,0.2467,0.0139,16.081,-3.9195,0.0165,0.0862,2,Drowsy
0.0168,0.1262,0.028,0.7266,8.3311,27.1488,25.8881,0.0546,0.3101,3,Absent
0.2934,0.2568,0.324,0.3064,-12.5787,9.8492,-2.0526,0.0286,0.0479,0,Attentive
0.2548,0.2753,0.2805,0.165,17.3465,13.3628,0.5778,0.0511,0.4467,1,Distracted
0.2981,0.3287,0.2754,0.2752,-1.2421,-2.5501,1.4648,0.0096,0.0334,0,Attentive
0.2822,0.3037,0.3489,0.2247,-5.4713,13.3716,11.8129,0.02,0.0803,0,Attentive
0.2925,0.2444,0.2819,0.389,51.1721,19.0876,9.7741,0.044,0.4659,1,Distracted
0.2392,0.2679,0.3478,0.186,4.5158,10.0521,-4.2746,0.0218,0.0781,0,Attentive
0.3344,0.2741,0.257,0.3324,35.9413,11.8299,-0.0056,0.0,0.3736,1,Distracted
0.0449,0.0638,0.0657,0.5639,20.2497,11.6258,16.2039,0.0054,0.5072,3,Absent
0.1519,0.2011,0.1652,0.2952,11.1326,-6.0796,-1.3561,0.0075,0.0883,2,Drowsy
0.3154,0.3513,0.2322,0.2769,31.684,14.3375,6.294,0.0229,0.3059,1,Distracted
0.2933,0.2674,0.2881,0.3589,28.1644,14.0266,4.5772,0.0385,0.2845,1,Distracted
0.3583,0.2476,0.3024,0.1687,-17.0526,5.0822,2.6975,0.0172,0.0468,0,Attentive
0.1867,0.1892,0.1828,0.4845,21.5342,28.4904,0.8039,0.0,0.1038,2,Drowsy
0.0805,0.0917,0.0689,0.5093,19.0279,-4.7837,12.2083,0.0368,0.5231,3,Absent
0.1748,0.1478,0.1858,0.4659,13.4036,-4.8451,3.6198,0.0248,0.1148,2,Drowsy
0.337,0.3366,0.279,0.2884,48.3309,-5.008,3.0615,0.0567,0.4475,1,Distracted
0.1488,0.1558,0.2584,0.3687,-2.6198,-0.3514,6.7991,0.0429,0.1235,2,Drowsy
0.3295,0.3038,0.2881,0.1848,-4.1488,-8.4897,2.0611,0.008,0.042,0,Attentive
0.1122,0.1616,0.0682,0.6208,31.1972,33.7736,13.4675,0.0408,0.1065,3,Absent
0.3288,0.3015,0.3057,0.3037,4.7947,9.3281,0.5126,0.0331,0.0596,0,Attentive
0.1153,0.0462,0.0,0.7418,26.6004,14.3801,28.4977,0.0754,0.5852,3,Absent
0.1196,0.0558,0.0056,0.7689,3.1514,3.3962,14.4826,0.0591,0.4438,3,Absent
0.2518,0.226,0.2807,0.256,75.5286,16.7651,2.544,0.0089,0.162,1,Distracted
0.1414,0.2498,0.1982,0.4504,9.4974,10.1937,3.6539,0.0135,0.0692,2,Drowsy
0.2512,0.2896,0.3011,0.3707,33.1532,4.6057,6.0384,0.0557,0.333,1,Distracted
0.3087,0.2401,0.272,0.2965,1.9429,-0.6661,-4.7929,0.0092,0.0,0,Attentive
0.3389,0.2668,0.2909,0.2424,-8.1663,7.1394,-1.62,0.018,0.0364,0,Attentive
0.333,0.2411,0.212,0.4216,62.2279,11.8845,-2.6229,0.0493,0.3392,1,Distracted
0.2641,0.3268,0.3223,0.3415,-0.2775,7.9863,13.4083,0.0138,0.0039,0,Attentive
0.3265,0.264,0.3048,0.3357,37.5019,-13.5448,5.1095,0.0546,0.4027,1,Distracted
0.0659,0.0774,0.0628,0.7132,21.8146,2.431,18.0447,0.0,0.6328,3,Absent
0.2876,0.2778,0.2593,0.3511,13.0203,-2.4531,3.3621,0.0242,0.0857,0,Attentive
0.317,0.2685,0.3341,0.332,28.2165,-4.8645,3.2144,0.0,0.0666,0,Attentive
0.0,0.1153,0.0866,0.5768,-6.4807,-10.5487,15.6209,0.0995,0.5223,3,Absent
0.2829,0.2646,0.3008,0.1905,10.4078,2.3625,1.112,0.0266,0.0789,0,Attentive
0.1595,0.1527,0.1907,0.4123,-0.5534,4.4137,0.5815,0.044,0.0235,2,Drowsy
0.2599,0.2876,0.3033,0.2273,1.2508,2.3602,1.5956,0.0205,0.0182,0,Attentive
0.1072,0.1545,0.0139,0.607,15.7507,31.1341,6.6883,0.014,0.3079,3,Absent
0.3786,0.2666,0.3366,0.2998,5.2451,15.3103,3.8605,0.0239,0.0484,0,Attentive
0.1819,0.2257,0.2195,0.4611,20.0713,7.1614,3.3072,0.0,0.0621,2,Drowsy
0.3256,0.3145,0.2788,0.2178,11.2397,0.6566,-0.0182,0.0104,0.0627,0,Attentive
0.1408,0.1479,0.1927,0.3975,11.2332,20.5575,5.6631,0.042,0.0128,2,Drowsy
0.0327,0.088,0.0702,0.667,2.8406,22.362,4.4286,0.0548,0.8179,3,Absent
0.0636,0.0533,0.1274,0.6562,20.2366,7.9583,23.1025,0.0198,0.641,3,Absent
0.2126,0.3157,0.2695,0.1491,-19.6586,8.6979,2.6431,0.0177,0.0917,0,Attentive
0.0,0.1739,0.1077,0.6623,3.9555,13.429,22.3122,0.069,0.6837,3,Absent
0.0772,0.1106,0.1357,0.6665,34.0733,41.8299,31.2862,0.0384,0.7573,3,Absent
0.2698,0.1624,0.2197,0.3759,16.3061,2.3991,-1.9586,0.0358,0.0587,2,Drowsy
0.2857,0.3441,0.2961,0.3348,36.6028,16.7566,0.2193,0.0208,0.3849,1,Distracted
0.2804,0.2835,0.2921,0.2634,8.7214,2.6422,2.0806,0.0214,0.0345,0,Attentive
0.2924,0.2887,0.3384,0.1883,53.6862,10.7541,7.9339,0.0635,0.4061,1,Distracted
0.1741,0.1812,0.1273,0.5517,9.0186,12.4556,-0.0651,0.0245,0.0889,2,Drowsy
0.2313,0.1819,0.1224,0.493,-2.4306,-1.7343,-0.1708,0.0509,0.1304,2,Drowsy
0.3576,0.2633,0.3018,0.1853,-2.5656,-3.4269,8.1979,0.016,0.0821,0,Attentive
0.1273,0.207,0.1269,0.5785,2.7526,-4.3802,1.5979,0.0476,0.0587,2,Drowsy
0.2329,0.2364,0.2848,0.2729,-18.98,-0.4981,-0.6312,0.0339,0.0384,0,Attentive
0.3355,0.2352,0.2634,0.3858,31.9122,-18.1512,3.7822,0.0327,0.0883,1,Distracted
0.2606,0.1821,0.1514,0.4689,11.5122,12.968,17.7156,0.0257,0.0901,2,Drowsy
0.0595,0.1411,0.1091,0.4548,42.7273,26.7429,-3.5669,0.0517,0.757,3,Absent
0.2765,0.3256,0.3062,0.2495,10.0317,6.3643,9.2328,0.0154,0.0371,0,Attentive
0.1916,0.2593,0.2637,0.5263,4.5474,0.4315,8.5237,0.0442,0.1015,2,Drowsy
0.323,0.3368,0.2975,0.2398,-4.0239,-2.7882,0.8676,0.0237,0.0774,0,Attentive
0.0141,0.0703,0.1013,0.7415,48.1149,27.8035,18.323,0.0366,0.4177,3,Absent
0.19,0.1628,0.1556,0.4785,13.1277,11.6133,2.4024,0.0503,0.0656,2,Drowsy
0.3179,0.2678,0.2367,0.3565,33.8559,27.3032,-8.4735,0.0339,0.5419,1,Distracted
0.2818,0.3052,0.2397,0.3463,30.4696,22.5761,1.7993,0.0095,0.3042,1,Distracted
0.2093,0.1939,0.2044,0.334,15.454,4.5842,-1.5001,0.0312,0.1794,2,Drowsy
0.2796,0.3253,0.2336,0.3379,43.6519,-10.1823,12.9357,0.0319,0.3892,1,Distracted
0.2323,0.2928,0.2761,0.2683,51.9086,15.4913,1.82,0.0215,0.2997,1,Distracted
0.3599,0.3933,0.3152,0.2408,7.276,9.2136,0.3967,0.038,0.0569,0,Attentive
0.2671,0.3688,0.3467,0.1919,15.6569,0.2037,2.6459,0.0194,0.0302,0,Attentive
0.1954,0.1692,0.2084,0.6479,21.5263,8.7763,5.6845,0.0716,0.074,2,Drowsy
0.1278,0.085,0.1793,0.5649,4.5405,43.0064,27.6957,0.0615,0.3273,3,Absent
0.1054,0.1244,0.1347,0.7145,12.5335,21.7227,34.9188,0.1329,0.6426,3,Absent
0.2335,0.3151,0.2377,0.2017,16.0333,-1.0725,-3.8694,0.018,0.112,0,Attentive
0.2923,0.2794,0.349,0.2322,36.7521,5.7185,-3.5982,0.0738,0.2318,1,Distracted
0.0583,0.1891,0.0881,0.9261,-5.9907,31.2611,-15.412,0.05,0.6762,3,Absent
0.2368,0.1516,0.117,0.4925,-1.352,25.4029,-5.3769,0.0685,0.123,3,Absent
0.1465,0.1754,0.1606,0.539,6.291,22.1245,2.7641,0.0376,0.1284,2,Drowsy
0.1803,0.2142,0.1719,0.5302,-4.0505,6.7084,3.6494,0.0645,0.0883,2,Drowsy
0.1103,0.0339,0.1007,0.8813,37.6396,40.8715,6.3719,0.0729,0.3212,3,Absent
0.268,0.3285,0.3428,0.2448,1.6494,3.4904,7.8094,0.0107,0.0572,0,Attentive
0.3313,0.3175,0.2968,0.279,-2.6551,8.9889,10.2474,0.0307,0.0281,0,Attentive
0.0994,0.0,0.0807,0.5605,45.2425,64.1413,10.6887,0.0,0.5734,3,Absent
0.3282,0.269,0.3099,0.3405,1.2556,-2.9334,-1.2604,0.0091,0.0265,0,Attentive
0.2228,0.1916,0.1518,0.4454,8.8903,9.8766,7.0054,0.0602,0.0541,2,Drowsy
0.2641,0.3589,0.3009,0.215,4.7118,2.2137,0.8952,0.0261,0.0727,0,Attentive
0.2222,0.1791,0.1795,0.5568,11.6909,20.6715,-4.7812,0.0581,0.1041,2,Drowsy
0.2846,0.3148,0.2808,0.2213,27.6509,-9.7902,17.1609,0.0473,0.267,1,Distracted
0.332,0.2845,0.3352,0.3649,0.0973,-0.1185,9.2669,0.0358,0.0343,0,Attentive
0.2627,0.2893,0.2475,0.3573,27.3887,21.2885,3.5984,0.034,0.3005,1,Distracted
0.2265,0.1883,0.1017,0.7011,3.8405,5.4995,1.3882,0.0475,0.0955,2,Drowsy
0.3104,0.271,0.2772,0.2968,38.1835,-4.2933,12.7175,0.0324,0.3297,1,Distracted
0.1741,0.2207,0.1797,0.5267,0.5292,9.5651,-0.0196,0.0643,0.0467,2,Drowsy
0.1862,0.1524,0.1734,0.4916,12.1269,-3.7363,4.0427,0.0722,0.0704,2,Drowsy
0.2941,0.2979,0.2991,0.2864,3.4156,8.1285,1.5964,0.0208,0.0,0,Attentive
0.1758,0.2004,0.2445,0.4109,-14.7041,11.8486,4.8343,0.0254,0.0959,2,Drowsy
0.1088,0.1049,0.0882,0.779,20.5468,36.6706,31.8865,0.0675,0.4004,3,Absent
0.3087,0.3737,0.2841,0.2235,-1.9851,-0.8883,-1.1869,0.0319,0.0926,0,Attentive
0.0645,0.0281,0.0753,0.5851,28.9206,6.7201,16.078,0.0257,0.43,3,Absent
0.2824,0.3067,0.3179,0.1475,12.2726,0.6462,4.1274,0.032,0.0088,0,Attentive
0.2188,0.1291,0.1848,0.3598,1.9075,5.2419,1.8608,0.0801,0.0624,2,Drowsy
0.1982,0.1756,0.1551,0.5152,10.7138,-9.6662,0.737,0.0864,0.1033,2,Drowsy
0.2452,0.3397,0.2143,0.1836,29.1403,11.9199,14.5534,0.0263,0.2892,1,Distracted
0.1609,0.2075,0.2044,0.4691,4.0554,0.6126,-7.4083,0.0178,0.0644,2,Drowsy
0.2409,0.3268,0.2697,0.2865,3.1142,-3.6776,-0.0352,0.0269,0.0532,0,Attentive
0.0555,0.1248,0.0197,0.5192,12.3178,9.1156,14.6654,0.0172,0.4724,3,Absent
0.3175,0.3593,0.2609,0.3309,3.8348,-3.2915,-4.6516,0.0181,0.0776,0,Attentive
0.3023,0.287,0.3318,0.1915,-2.7678,22.4597,-3.19,0.0065,0.072,0,Attentive
0.1252,0.0893,0.1649,0.7863,28.7769,5.9452,13.2373,0.0644,0.3854,3,Absent
0.2272,0.1301,0.1975,0.5934,8.0773,11.8273,1.6418,0.0444,0.1295,2,Drowsy
0.366,0.2398,0.3179,0.2367,24.5489,2.5524,4.6853,0.0416,0.417,1,Distracted
0.2963,0.2863,0.296,0.2315,-7.7844,-2.0028,4.6064,0.0232,0.055,0,Attentive
0.2706,0.3049,0.3329,0.2026,11.4901,-0.0337,10.766,0.0163,0.0248,0,Attentive
0.1869,0.2298,0.0979,0.3988,0.9031,5.3095,3.1326,0.0689,0.1069,2,Drowsy
0.0924,0.1359,0.1027,0.6831,27.8115,23.8286,18.532,0.0452,0.4997,3,Absent
0.3416,0.2589,0.2648,0.3289,15.5243,-2.1346,11.5849,0.0066,0.1681,1,Distracted
0.2817,0.2841,0.2736,0.3112,0.9292,5.4675,-0.8518,0.0018,0.0581,0,Attentive
0.289,0.2499,0.3509,0.2734,-0.9357,12.2964,-2.8638,0.0241,0.0448,0,Attentive
0.0707,0.0374,0.1169,0.6235,30.9418,2.0961,35.8066,0.0883,0.168,3,Absent
0.1241,0.131,0.0736,0.6003,8.7403,9.1617,14.7932,0.0437,0.3849,3,Absent
0.161,0.2025,0.1348,0.4086,7.0137,13.5301,0.2338,0.0312,0.1384,2,Drowsy
0.322,0.2335,0.2675,0.3372,31.4015,14.6042,4.1627,0.0351,0.3272,1,Distracted
0.2442,0.2118,0.2229,0.3509,-5.1936,12.1438,-2.706,0.0342,0.1108,2,Drowsy
0.1435,0.1185,0.1013,0.6766,12.1846,7.1908,0.6341,0.0292,0.5414,3,Absent
0.3045,0.302,0.2729,0.205,38.6684,15.5144,9.3549,0.037,0.3229,1,Distracted
0.2832,0.1265,0.3233,0.2476,25.3822,6.0155,2.3201,0.0422,0.1941,1,Distracted
0.3162,0.271,0.3303,0.2378,22.3435,9.3277,4.5044,0.0454,0.2725,1,Distracted
0.3079,0.2661,0.2395,0.3569,49.5974,11.5551,-2.5772,0.0054,0.3607,1,Distracted
0.3193,0.3025,0.2562,0.207,8.3791,4.1666,7.9049,0.024,0.021,0,Attentive
0.0655,0.0892,0.09,0.7767,43.5316,25.0442,21.2053,0.0529,0.7034,3,Absent
0.2944,0.2868,0.3362,0.2598,11.2548,-7.3989,3.3353,0.0289,0.0525,0,Attentive
0.294,0.335,0.2723,0.2557,41.4078,-7.782,3.5789,0.0273,0.258,1,Distracted
0.3269,0.2855,0.3037,0.3306,10.1747,1.1203,-2.456,0.0,0.0284,0,Attentive
0.066,0.1195,0.0429,0.4904,24.1207,-1.9553,18.6803,0.0398,0.6489,3,Absent
0.3487,0.2284,0.3239,0.2341,13.4482,12.3788,3.4724,0.0078,0.1819,1,Distracted
0.1632,0.0,0.0527,0.7906,13.338,43.947,-3.1417,0.0166,0.4437,3,Absent
0.2398,0.2883,0.2924,0.2817,-2.5856,14.7507,-7.5582,0.0331,0.0433,0,Attentive
0.3356,0.2928,0.2793,0.3938,18.67,-1.0946,15.2763,0.0309,0.3257,1,Distracted
0.094,0.0848,0.0777,0.7191,3.2483,-0.5415,8.9987,0.0384,0.4933,3,Absent
0.0399,0.1039,0.0272,0.6342,27.6794,17.2291,21.4661,0.0292,0.1012,3,Absent
0.1182,0.0896,0.1869,0.5813,6.7531,12.9888,11.9186,0.0466,0.0751,2,Drowsy
0.2929,0.2878,0.2866,0.2647,-8.9781,11.9666,-1.3271,0.0272,0.0119,0,Attentive
0.0,0.1451,0.047,0.8726,44.6672,43.5079,7.1964,0.0017,0.3326,3,Absent
0.1718,0.2696,0.1159,0.3599,2.9112,6.4198,1.2523,0.0384,0.0296,2,Drowsy
0.2167,0.1601,0.1869,0.4618,-0.869,8.5899,9.0136,0.0437,0.0891,2,Drowsy
0.3213,0.2973,0.336,0.2162,17.4075,2.7189,-5.1539,0.0213,0.0296,0,Attentive
0.0502,0.0633,0.0028,0.7568,46.1699,50.929,2.4494,0.0535,0.8146,3,Absent
0.2668,0.3088,0.2859,0.3089,25.8898,1.7871,10.673,0.0284,0.3785,1,Distracted
0.2798,0.3482,0.2453,0.2761,16.1165,13.7208,-1.6915,0.0244,0.3128,1,Distracted
0.2614,0.2129,0.2039,0.3697,9.0192,9.7343,6.5991,0.0263,0.0851,2,Drowsy
0.3238,0.3295,0.3455,0.25,26.3782,17.8347,9.2496,0.0455,0.5389,1,Distracted
0.0436,0.0335,0.0878,0.7424,20.0573,42.2223,15.3976,0.05,0.6841,3,Absent
0.3299,0.2773,0.2645,0.3251,0.4186,1.2442,8.641,0.0256,0.0637,0,Attentive
0.1036,0.0498,0.1146,0.5472,35.9343,39.6464,27.1623,0.0397,0.1249,3,Absent
0.1317,0.1043,0.0877,0.7626,3.9248,12.5546,21.4277,0.0,0.8333,3,Absent
0.1832,0.1743,0.1982,0.4359,14.1182,5.4306,-0.9152,0.0187,0.1094,2,Drowsy
0.1861,0.1356,0.1177,0.455,14.0982,15.4064,3.5904,0.0749,0.0572,2,Drowsy
0.0656,0.0599,0.0721,0.637,10.595,16.8139,4.7577,0.0957,0.3901,3,Absent
0.0138,0.1123,0.0406,0.6509,18.6371,-4.265,5.2463,0.1162,0.5977,3,Absent
0.1548,0.2245,0.2525,0.4635,11.5149,10.747,7.7775,0.0167,0.0605,2,Drowsy
0.1304,0.1049,0.1556,0.6732,18.0462,12.2786,-5.9203,0.0405,0.4948,3,Absent
0.2501,0.2967,0.2999,0.3397,33.4741,19.765,-7.2307,0.0089,0.3664,1,Distracted
0.2817,0.2842,0.3338,0.0889,6.1648,3.2399,-6.4044,0.0231,0.0643,0,Attentive
0.3037,0.2457,0.2665,0.3133,59.6491,16.054,7.8358,0.0406,0.2427,1,Distracted
0.2151,0.1307,0.1888,0.3562,-9.5087,14.2763,8.543,0.0491,0.0727,2,Drowsy
0.3367,0.3329,0.2844,0.184,1.3762,-2.6003,1.6824,0.0324,0.0363,0,Attentive
0.2251,0.1029,0.0823,0.6293,-1.9251,28.4582,14.0503,0.0477,0.5689,3,Absent
0.0897,0.0436,0.1297,0.4283,15.9214,32.5435,20.7213,0.0208,0.3884,3,Absent
0.1103,0.0721,0.0444,0.5644,27.8489,34.0851,9.1588,0.0663,0.8664,3,Absent
0.3006,0.256,0.2558,0.2683,-0.071,4.416,1.9105,0.0102,0.0486,0,Attentive
0.0167,0.1103,0.0548,0.7011,28.9871,28.194,11.7822,0.0706,0.3655,3,Absent
0.2364,0.2226,0.2837,0.2474,46.0311,17.4586,3.8923,0.0068,0.4011,1,Distracted
0.3363,0.2471,0.3839,0.368,25.4406,10.2001,9.5219,0.0457,0.3942,1,Distracted
0.3738,0.2854,0.3172,0.3283,34.5626,4.1303,6.9918,0.0402,0.2927,1,Distracted
0.1144,0.1856,0.0628,0.9231,34.9368,-0.8955,17.5684,0.0759,0.0649,3,Absent
0.1843,0.1988,0.167,0.4521,2.9464,3.2681,9.9459,0.0118,0.1744,2,Drowsy
0.3443,0.3257,0.296,0.249,-5.0202,2.8704,0.5567,0.0232,0.0252,0,Attentive
0.3084,0.2813,0.2948,0.2253,-1.7149,8.9472,3.7851,0.0131,0.077,0,Attentive
0.08,0.0831,0.071,0.5901,36.0963,31.136,39.5434,0.0683,0.4503,3,Absent
0.2679,0.3435,0.294,0.29,45.0439,13.685,2.2539,0.0514,0.239,1,Distracted
0.1687,0.1753,0.162,0.54,-1.7631,3.5568,0.4504,0.0618,0.0603,2,Drowsy
0.1643,0.2243,0.162,0.55,20.4827,-0.5444,5.4602,0.095,0.0827,2,Drowsy
0.1061,0.1003,0.1258,0.6459,59.9663,24.0252,21.8013,0.0092,0.4272,3,Absent
0.1301,0.1485,0.0788,0.6961,3.7307,45.2506,13.0062,0.0524,0.4686,3,Absent
0.2201,0.1764,0.1659,0.3993,2.9136,7.612,10.2761,0.0794,0.088,2,Drowsy
0.1545,0.2334,0.1244,0.6642,-1.477,5.9037,1.8533,0.0185,0.157,2,Drowsy
0.2767,0.2667,0.3438,0.2968,13.1724,8.0517,-3.6453,0.0148,0.0647,0,Attentive
0.174,0.2215,0.1367,0.5496,18.8607,7.5178,-1.0544,0.0372,0.0,2,Drowsy
0.1764,0.2398,0.1989,0.2147,13.4206,15.3018,8.7567,0.0018,0.0535,2,Drowsy
0.2955,0.28,0.3089,0.2353,24.9247,3.2393,1.5684,0.0463,0.2319,1,Distracted
0.1223,0.0814,0.1481,0.7548,12.1127,-0.7052,10.0198,0.0624,0.6694,3,Absent
0.1879,0.1938,0.2213,0.4404,10.0335,13.4709,-2.4323,0.0695,0.0232,2,Drowsy
0.3259,0.3051,0.3288,0.1891,6.7436,-5.192,-3.5704,0.0137,0.0217,0,Attentive
0.2699,0.2716,0.3013,0.302,34.6223,25.0952,-12.8005,0.0402,0.4218,1,Distracted
0.2797,0.319,0.3005,0.2834,40.7462,9.7279,-3.5783,0.0016,0.3297,1,Distracted
0.0781,0.0,0.0985,0.664,40.8155,8.7486,-3.0685,0.0551,0.626,3,Absent
0.3138,0.2374,0.2854,0.2484,-4.2775,-3.5555,-1.3389,0.0229,0.0444,0,Attentive
0.301,0.3262,0.3183,0.2345,6.2386,2.7543,-2.2697,0.0329,0.0517,0,Attentive
0.0792,0.096,0.0201,0.6709,-10.3499,21.4614,7.1712,0.024,0.717,3,Absent
0.0582,0.0213,0.0997,0.6271,8.6906,59.6437,27.4581,0.0817,0.9904,3,Absent
0.2522,0.1676,0.2072,0.2376,-4.0663,-2.8359,2.9885,0.0884,0.0984,2,Drowsy
0.0764,0.0245,0.1253,0.4477,-6.6988,18.3953,-0.1708,0.0867,0.3144,3,Absent
0.3094,0.3358,0.2686,0.2866,7.7234,2.005,3.6934,0.0303,0.0762,0,Attentive
0.2699,0.3033,0.3059,0.3202,38.538,8.0428,8.2279,0.0109,0.2655,1,Distracted
0.2241,0.1738,0.177,0.5591,17.3022,18.4088,-1.3318,0.0387,0.0911,2,Drowsy
0.102,0.1138,0.0733,0.4745,20.7469,25.4794,0.5561,0.0898,0.7511,3,Absent
0.184,0.2046,0.1901,0.3608,11.4993,19.8596,8.6899,0.0598,0.0576,2,Drowsy
0.2639,0.1603,0.2509,0.2505,51.6185,13.9663,0.0012,0.0513,0.3518,1,Distracted
0.2511,0.3144,0.2736,0.2911,-4.7012,7.8494,7.5292,0.0286,0.0575,0,Attentive
0.2456,0.2612,0.3324,0.2637,12.5632,9.367,4.5285,0.054,0.3514,1,Distracted
0.3063,0.2387,0.2938,0.2159,-5.013,1.0323,10.9884,0.0264,0.0329,0,Attentive
0.3316,0.3063,0.2632,0.3778,12.8227,4.7823,-2.2509,0.0382,0.2387,1,Distracted
0.309,0.3055,0.3673,0.2675,-5.0324,2.3318,-6.8812,0.0192,0.025,0,Attentive
0.1662,0.1579,0.1819,0.583,2.8089,7.2948,12.8882,0.0575,0.103,2,Drowsy
0.2369,0.1995,0.1842,0.4325,19.1258,13.6565,-0.516,0.0056,0.0871,2,Drowsy
0.2813,0.3236,0.276,0.2809,27.8042,14.3074,7.099,0.048,0.2921,1,Distracted
0.1757,0.2039,0.1658,0.5107,13.3177,9.9218,3.8603,0.0566,0.0458,2,Drowsy
0.1487,0.1863,0.2282,0.5553,11.2502,5.5054,2.362,0.0469,0.0748,2,Drowsy
0.1429,0.1277,0.2278,0.2408,14.9611,17.9685,6.499,0.0177,0.0167,2,Drowsy
0.1688,0.1845,0.1538,0.3223,3.6698,21.7209,4.411,0.0334,0.1102,2,Drowsy
0.3052,0.3073,0.2944,0.3245,-9.8072,-2.7995,1.4837,0.0036,0.0447,0,Attentive
0.0892,0.0409,0.083,0.6173,17.26,50.7641,10.6742,0.0,0.7532,3,Absent
0.0919,0.1071,0.1224,0.7153,27.8704,12.139,-5.2483,0.0083,1.0,3,Absent
0.2589,0.1735,0.206,0.5356,0.2974,13.3796,0.9793,0.0202,0.1266,2,Drowsy
0.0952,0.0877,0.0148,0.4956,12.8255,32.1114,-9.9194,0.0737,0.478,3,Absent
0.2907,0.29,0.251,0.3211,27.3297,8.4372,9.1206,0.0172,0.2931,1,Distracted
0.107,0.0543,0.0182,0.6656,29.7028,22.2741,13.6903,0.0401,1.0,3,Absent
0.2204,0.28,0.2812,0.2492,29.6777,10.7225,1.627,0.0016,0.3715,1,Distracted
0.3186,0.2997,0.2405,0.4269,18.1566,19.4926,7.5877,0.0065,0.3376,1,Distracted
0.2913,0.3432,0.2883,0.41,24.2247,9.8032,2.7616,0.0083,0.3347,1,Distracted
0.1748,0.1701,0.138,0.2419,10.5429,9.9458,8.51,0.0313,0.0515,2,Drowsy
0.3229,0.2984,0.2862,0.2584,10.5617,6.5058,-2.3924,0.0274,0.0309,0,Attentive
0.3472,0.2799,0.2514,0.2874,28.3936,3.8327,7.5991,0.0,0.2056,1,Distracted
0.1293,0.1335,0.1461,0.4266,12.6094,16.4832,-4.2428,0.0261,0.0512,2,Drowsy
0.2811,0.313,0.2821,0.1484,-7.5724,3.1476,-3.6553,0.0193,0.0178,0,Attentive
0.1946,0.14,0.1361,0.4313,-5.6327,-0.4918,4.5781,0.0207,0.0971,2,Drowsy
0.089,0.0476,0.0812,0.5855,4.531,3.7991,24.4091,0.0482,0.6129,3,Absent
0.1696,0.2474,0.1267,0.6263,1.1083,4.9642,4.9742,0.0261,0.0771,2,Drowsy
0.2641,0.2552,0.2469,0.286,-1.3615,23.4909,-2.9718,0.0108,0.033,0,Attentive
0.3058,0.2529,0.2693,0.2442,36.325,21.9718,0.3737,0.05,0.2718,1,Distracted
0.1971,0.2078,0.2195,0.3783,3.0866,3.1188,3.7369,0.054,0.0138,2,Drowsy
0.3619,0.268,0.3006,0.3206,2.3629,6.1666,-3.312,0.0243,0.0444,0,Attentive
0.299,0.238,0.2978,0.1848,8.3574,5.5662,-2.6994,0.0149,0.0182,0,Attentive
0.3249,0.2536,0.262,0.2526,39.0679,14.5625,-13.2679,0.0504,0.4936,1,Distracted
0.1936,0.1404,0.1599,0.2664,15.0181,-2.399,6.7113,0.0393,0.1316,2,Drowsy
0.1923,0.2534,0.1945,0.5922,11.9898,0.7184,3.0501,0.0407,0.0842,2,Drowsy
0.1785,0.2128,0.1787,0.4216,8.2205,12.8322,-4.2995,0.0418,0.1774,2,Drowsy
0.2684,0.2813,0.3479,0.2405,4.7395,9.0905,4.4784,0.0215,0.0609,0,Attentive
0.095,0.09,0.0795,0.666,51.2538,29.3008,26.0701,0.0557,0.2269,3,Absent
0.3186,0.3418,0.3028,0.3159,-7.8654,-0.1028,0.5571,0.0189,0.0525,0,Attentive
0.1755,0.3029,0.1038,0.5869,0.8467,-4.9372,1.3652,0.0455,0.1215,2,Drowsy
0.0789,0.0757,0.0828,0.9389,0.5231,9.297,34.7259,0.0315,0.6287,3,Absent
0.3243,0.2825,0.2813,0.2389,-6.4157,15.7438,-0.832,0.0283,0.0563,0,Attentive
0.3407,0.3124,0.3469,0.2113,-6.9572,-9.451,9.4802,0.0265,0.0483,0,Attentive
0.0669,0.1008,0.0526,0.7836,40.0387,21.8136,17.7685,0.02,0.2796,3,Absent
0.0964,0.0279,0.0345,0.8312,52.5559,11.119,27.8083,0.0607,0.2672,3,Absent
0.3293,0.266,0.2725,0.2844,2.2916,-0.1772,6.4503,0.0139,0.044,0,Attentive
0.2885,0.2963,0.2901,0.1908,-0.1992,4.8851,1.7755,0.0218,0.0299,0,Attentive
0.0585,0.1173,0.095,0.6372,2.8766,31.3531,3.884,0.0494,0.5392,3,Absent
0.1581,0.205,0.1801,0.3457,13.1856,21.4751,2.867,0.0422,0.0196,2,Drowsy
0.2106,0.117,0.1714,0.6008,15.3333,14.8075,6.6841,0.0731,0.1567,2,Drowsy
0.0,0.11,0.0925,0.5311,19.7127,32.0972,-10.2366,0.0118,0.483,3,Absent
0.2919,0.3215,0.3376,0.2537,16.0289,-6.6607,-6.5169,0.0194,0.0615,0,Attentive
0.3108,0.3705,0.2821,0.2292,2.495,5.7706,3.3178,0.0328,0.0,0,Attentive
0.1493,0.135,0.1627,0.5217,-11.1367,6.8673,12.8532,0.0173,0.0832,2,Drowsy
0.2926,0.3396,0.2781,0.2814,0.7639,1.8919,1.0807,0.0115,0.0496,0,Attentive
0.2867,0.2856,0.3074,0.2732,4.5783,5.1792,10.4998,0.0307,0.0557,0,Attentive
0.008,0.0988,0.138,0.6025,9.997,30.4622,6.7686,0.0582,0.5584,3,Absent
0.2762,0.2235,0.2858,0.338,21.4599,22.7248,-4.361,0.0723,0.3089,1,Distracted
0.2756,0.2557,0.3451,0.2183,2.2259,10.0759,19.6453,0.0076,0.0635,0,Attentive
0.2445,0.2474,0.2678,0.319,30.8874,20.7843,-0.9865,0.005,0.5426,1,Distracted
0.2918,0.234,0.25,0.2517,7.9102,5.6282,2.8379,0.0316,0.0338,0,Attentive
0.2725,0.3136,0.2511,0.2504,10.8774,-3.2395,15.8458,0.0628,0.3566,1,Distracted
0.1366,0.0936,0.0326,0.5659,4.3028,41.0889,23.5346,0.0462,0.8914,3,Absent
0.223,0.1858,0.1979,0.4865,3.0281,1.12,3.5893,0.0597,0.0623,2,Drowsy
0.2789,0.2801,0.2649,0.3375,-6.9509,-1.8503,-1.592,0.0289,0.0412,0,Attentive
0.1266,0.1766,0.248,0.5604,-0.1072,9.6491,3.9894,0.025,0.077,2,Drowsy
0.3236,0.3218,0.2472,0.3759,17.5177,3.7523,7.874,0.0129,0.3764,1,Distracted
0.3201,0.3202,0.3096,0.2003,4.9964,-5.2814,0.7362,0.0303,0.0739,0,Attentive
0.2222,0.167,0.1261,0.5905,14.9656,2.6242,8.6059,0.0334,0.1401,2,Drowsy
0.2756,0.2985,0.296,0.2665,14.608,9.1559,-3.3869,0.0338,0.0594,0,Attentive
0.1238,0.061,0.1226,0.8787,14.3083,30.3727,-12.1537,0.0123,0.5682,3,Absent
0.2356,0.2947,0.3361,0.2588,43.4117,20.7334,9.8881,0.0238,0.2409,1,Distracted
0.2733,0.2795,0.2458,0.1902,43.7181,16.9371,14.507,0.0142,0.4193,1,Distracted
0.3626,0.2696,0.291,0.2708,2.5688,-3.8761,7.6093,0.0432,0.0559,0,Attentive
0.004,0.069,0.0983,0.6793,10.7877,11.2209,3.1499,0.0382,0.3789,3,Absent
0.1557,0.1781,0.1896,0.4611,-7.8222,-2.7599,9.4142,0.0339,0.1034,2,Drowsy
0.14,0.09,0.1104,0.6925,16.0326,33.942,19.1438,0.0212,0.3522,3,Absent
0.3143,0.3023,0.2679,0.2998,-0.9501,-7.8961,-0.1406,0.035,0.0755,0,Attentive
0.0209,0.1236,0.0806,0.5475,19.1288,-0.894,7.8541,0.0486,0.2398,3,Absent
0.3117,0.2731,0.2749,0.4209,46.3987,0.7818,5.5999,0.0233,0.3365,1,Distracted
0.1334,0.0723,0.0837,0.5236,21.18,4.6578,4.4906,0.0379,0.639,3,Absent
0.3118,0.2641,0.3111,0.3098,-1.8783,2.0619,2.0734,0.0122,0.0694,0,Attentive
0.3122,0.293,0.2777,0.2899,-11.9875,7.5212,-3.4952,0.0325,0.0548,0,Attentive
0.2087,0.1863,0.2585,0.2681,50.6075,18.6781,6.3644,0.0122,0.2539,1,Distracted
0.0,0.1242,0.0291,0.7531,36.2273,24.9484,21.5242,0.083,0.4509,3,Absent
0.2244,0.1556,0.2041,0.3669,19.8662,1.5969,-0.4119,0.051,0.0832,2,Drowsy
0.1045,0.0759,0.0173,0.401,9.7398,-3.824,-7.4269,0.0839,0.5305,3,Absent
0.1053,0.0942,0.022,0.8156,29.6091,-0.7052,5.1933,0.0331,0.437,3,Absent
0.2977,0.2447,0.3223,0.2205,8.5895,3.1765,-5.7156,0.0216,0.1159,0,Attentive
0.3044,0.2968,0.1738,0.298,15.1323,16.4632,13.847,0.0115,0.3238,1,Distracted
0.2901,0.322,0.3084,0.2658,6.7541,-7.749,5.7839,0.0261,0.0195,0,Attentive
0.0432,0.1226,0.0331,0.6294,40.9941,33.6369,29.5955,0.0323,0.7069,3,Absent
0.2978,0.2111,0.2548,0.3047,39.9246,22.1467,4.1308,0.0381,0.3516,1,Distracted
0.189,0.2353,0.1966,0.4701,-3.6646,13.3682,5.6507,0.0657,0.0819,2,Drowsy
0.2209,0.2596,0.3186,0.2907,28.6428,18.0486,0.0051,0.0319,0.332,1,Distracted
0.2869,0.2923,0.2983,0.2845,-2.4691,1.0839,1.9286,0.0215,0.0529,0,Attentive
0.3051,0.3395,0.2748,0.307,13.5369,2.1735,-8.6093,0.0139,0.0889,0,Attentive
0.2633,0.3214,0.294,0.2313,8.6877,6.1098,0.1952,0.0316,0.0176,0,Attentive
0.169,0.1365,0.1842,0.4294,6.8846,19.1755,8.0874,0.0498,0.0014,2,Drowsy
0.3271,0.2275,0.2988,0.1797,24.9397,-2.1266,9.6917,0.0287,0.3486,1,Distracted
0.2661,0.3724,0.3379,0.2801,3.5763,1.5145,-2.7596,0.0208,0.0577,0,Attentive
0.1485,0.0954,0.1268,0.5289,7.9752,31.4872,18.5501,0.0455,0.0495,3,Absent
0.2092,0.1728,0.1871,0.4102,-0.676,18.706,-6.2188,0.0575,0.0552,2,Drowsy
0.3206,0.2869,0.279,0.2261,2.6431,12.3953,-7.6704,0.0202,0.0687,0,Attentive
0.1067,0.0796,0.0015,0.7142,21.7569,6.4607,-3.8328,0.0962,0.7963,3,Absent
0.0971,0.0,0.037,0.639,29.2546,22.7375,21.7255,0.0176,0.2322,3,Absent
0.2944,0.3219,0.3088,0.2671,0.8295,-5.5161,-3.6077,0.0271,0.0506,0,Attentive
0.2454,0.331,0.2385,0.3299,44.8473,0.2583,16.9002,0.0346,0.4154,1,Distracted
0.2771,0.3011,0.3171,0.2395,11.5838,19.5471,-1.9299,0.0062,0.0591,0,Attentive
0.2898,0.3111,0.2969,0.2729,-0.9755,1.722,-2.9498,0.0196,0.0257,0,Attentive
0.3373,0.2877,0.3032,0.1901,49.3306,23.011,-6.9901,0.0159,0.3996,1,Distracted
0.1654,0.185,0.1834,0.4539,-1.2192,6.9017,3.0995,0.0398,0.1177,2,Drowsy
0.2726,0.2492,0.258,0.4164,46.2844,-5.492,14.0253,0.0539,0.3219,1,Distracted
0.1919,0.2076,0.1749,0.4418,4.9042,1.975,1.1597,0.0676,0.1603,2,Drowsy
0.301,0.2449,0.2352,0.2757,24.1485,17.9062,9.8872,0.0,0.2672,1,Distracted
0.3144,0.3124,0.2396,0.3235,53.3218,29.0256,22.1913,0.012,0.6324,1,Distracted
0.0969,0.0,0.0812,0.4341,20.9091,19.9082,19.8401,0.0759,0.7595,3,Absent
0.2797,0.3141,0.312,0.2839,27.79,17.797,4.6391,0.0125,0.258,1,Distracted
0.1697,0.1345,0.0987,0.4781,16.6246,52.3513,9.7725,0.0954,0.561,3,Absent
0.267,0.2845,0.2715,0.2874,50.4434,8.7545,-1.9763,0.0268,0.3036,1,Distracted
0.2911,0.3209,0.2917,0.3087,5.9571,2.2489,4.2386,0.0043,0.0162,0,Attentive
0.3296,0.3356,0.3647,0.279,5.6064,4.3607,0.2342,0.0234,0.0411,0,Attentive
0.0683,0.1671,0.0557,0.7834,38.2816,36.1211,-0.204,0.0658,0.5187,3,Absent
0.1962,0.2748,0.2649,0.2394,50.8706,1.4056,13.501,0.0625,0.1549,1,Distracted
0.037,0.0471,0.0981,0.762,14.1898,18.963,23.0237,0.0448,0.4901,3,Absent
0.1444,0.112,0.0475,0.4999,-5.8133,36.5437,13.3824,0.032,0.5236,3,Absent
0.2862,0.3075,0.2248,0.2264,54.0428,-14.6044,4.1589,0.0534,0.3407,1,Distracted
0.1222,0.1512,0.0024,0.5819,20.4252,6.8109,5.1298,0.0642,0.8663,3,Absent
0.3392,0.3104,0.3092,0.3153,50.58,-0.8748,-3.3156,0.0299,0.1339,1,Distracted
0.2362,0.297,0.2849,0.2716,6.7604,-1.9534,-1.5609,0.0189,0.0231,0,Attentive
0.3406,0.2197,0.2804,0.2387,31.2683,14.0252,9.0166,0.0278,0.1587,1,Distracted
0.2428,0.1613,0.3272,0.3232,41.2517,3.9268,7.5661,0.0159,0.3705,1,Distracted
0.2081,0.2582,0.1364,0.4409,11.0439,8.2513,4.8255,0.0322,0.0629,2,Drowsy
0.3171,0.2646,0.2864,0.2178,40.2314,2.3806,4.1497,0.0476,0.4291,1,Distracted
0.2974,0.2469,0.2536,0.3093,63.6152,20.0331,12.5931,0.0262,0.29,1,Distracted
0.1474,0.1387,0.1508,0.6709,5.8055,51.1519,10.9836,0.0256,0.512,3,Absent
0.2908,0.3234,0.3328,0.3198,-1.4973,1.5354,-6.4172,0.0119,0.0789,0,Attentive
0.283,0.2809,0.3067,0.2565,12.4098,14.92,-1.7864,0.0108,0.35,1,Distracted
0.0534,0.1273,0.0638,0.6822,20.4636,12.935,18.5298,0.0732,0.513,3,Absent
0.2655,0.32,0.3116,0.1637,-2.4205,11.3588,-2.9058,0.0154,0.0639,0,Attentive
0.1492,0.166,0.2161,0.3786,8.3611,0.2748,3.0525,0.0465,0.0401,2,Drowsy
0.0979,0.1974,0.1044,0.7751,20.8001,8.2854,4.4975,0.0554,0.5077,3,Absent
0.2838,0.2697,0.2509,0.2675,-9.5184,3.6674,0.6828,0.0268,0.0409,0,Attentive
0.029,0.0414,0.159,0.4508,-2.6131,13.1045,12.1169,0.0232,0.3183,3,Absent
0.2929,0.3225,0.307,0.2025,5.5482,-3.9419,-1.1644,0.0219,0.0589,0,Attentive
0.2224,0.199,0.2152,0.2899,4.4638,15.7336,11.5315,0.009,0.0659,2,Drowsy
0.27,0.3295,0.2947,0.2475,8.3986,-4.8591,3.912,0.0217,0.0648,0,Attentive
0.018,0.0233,0.0641,0.6135,38.1803,6.4904,6.3566,0.0675,0.7103,3,Absent
0.3327,0.3019,0.2731,0.2142,8.4368,-2.1126,3.0823,0.0205,0.0305,0,Attentive
0.2636,0.2789,0.257,0.3424,39.1687,14.0609,-2.5992,0.0533,0.068,1,Distracted
0.3268,0.277,0.2934,0.2683,-12.5325,-13.6943,3.7306,0.0249,0.1119,0,Attentive
0.2827,0.2851,0.3607,0.196,44.5572,26.6399,3.0509,0.0472,0.2518,1,Distracted
0.2134,0.214,0.2373,0.4455,2.6754,2.2756,6.6873,0.009,0.111,2,Drowsy
0.0068,0.1089,0.0957,0.7413,43.0689,31.6171,25.3615,0.0,0.4886,3,Absent
0.2185,0.1209,0.1909,0.4647,6.6397,1.9671,-1.5846,0.0305,0.0761,2,Drowsy
0.2949,0.2902,0.3098,0.2423,0.4369,-9.4558,-2.6998,0.0248,0.1015,0,Attentive
0.3073,0.2982,0.3282,0.2543,-2.9754,9.9312,0.9143,0.0253,0.0357,0,Attentive
0.3546,0.1943,0.2555,0.2674,52.4579,-6.364,16.6152,0.0327,0.3404,1,Distracted
0.2987,0.2832,0.2699,0.291,23.1017,11.0528,5.9036,0.0,0.4496,1,Distracted
0.0403,0.1337,0.0452,0.725,43.069,14.2311,28.8719,0.0619,0.7204,3,Absent
0.3265,0.2872,0.233,0.2224,20.8161,4.6206,3.9026,0.0067,0.4971,1,Distracted
0.2656,0.3091,0.2811,0.2468,5.6301,5.2495,4.1096,0.0361,0.0636,0,Attentive
0.1667,0.0823,0.1593,0.3796,8.4568,6.7342,7.1943,0.0,0.0464,2,Drowsy
0.2902,0.3079,0.2937,0.2179,42.808,14.2591,-1.424,0.0143,0.4188,1,Distracted
0.1485,0.1486,0.1676,0.4366,3.9273,0.9281,2.899,0.0049,0.0924,2,Drowsy
0.1297,0.1933,0.1592,0.4639,12.4265,25.0408,7.7564,0.0459,0.0664,2,Drowsy
0.119,0.0523,0.092,0.6747,51.395,47.2239,7.8328,0.0817,0.621,3,Absent
0.2976,0.291,0.2749,0.268,-1.3012,7.5878,-3.351,0.0372,0.0231,0,Attentive
0.2141,0.2426,0.1509,0.4962,12.375,8.0897,-7.4164,0.0449,0.1105,2,Drowsy
0.2492,0.1533,0.2381,0.5349,7.1702,13.985,4.0683,0.0657,0.1027,2,Drowsy
0.1686,0.0512,0.1031,0.5837,14.8363,10.9134,-5.6921,0.0529,0.6076,3,Absent
0.2841,0.2499,0.3095,0.2477,33.8289,-6.8338,-4.6802,0.0302,0.2175,1,Distracted
0.3235,0.2796,0.292,0.2109,0.9216,14.1898,6.0106,0.0286,0.0075,0,Attentive
0.2979,0.2644,0.3264,0.2205,-4.4848,1.7546,-2.5641,0.0158,0.0603,0,Attentive
0.192,0.1374,0.1737,0.5902,7.426,9.0443,5.0743,0.0322,0.1598,2,Drowsy
0.0581,0.0299,0.044,0.7242,35.8699,15.0933,9.8102,0.0244,0.7374,3,Absent
0.3347,0.3587,0.2786,0.355,22.322,20.7522,11.2837,0.0473,0.3484,1,Distracted
0.009,0.0,0.1091,0.8221,15.4319,11.8017,35.5302,0.0442,0.5368,3,Absent
0.2832,0.2928,0.2454,0.3234,36.0262,-7.1571,-0.5736,0.0199,0.3427,1,Distracted
0.2706,0.3436,0.2975,0.2508,34.8775,10.6338,0.6297,0.0117,0.4201,1,Distracted
0.3017,0.2456,0.2775,0.2706,28.3791,33.0167,0.4214,0.0501,0.3107,1,Distracted
0.1806,0.2174,0.1734,0.4421,1.0048,6.702,0.0826,0.0223,0.111,2,Drowsy
0.1088,0.0827,0.0602,0.6669,24.8062,46.849,4.5319,0.0333,0.6069,3,Absent
0.3207,0.2867,0.3035,0.2477,-4.4071,2.2043,1.2817,0.0183,0.051,0,Attentive
0.0812,0.1211,0.0837,0.8264,18.6939,-0.9623,-8.9835,0.1,0.6457,3,Absent
0.1444,0.1163,0.0369,0.7025,12.9695,9.7642,-2.8289,0.0792,0.2772,3,Absent
0.1684,0.201,0.2165,0.3352,18.71,20.8455,-0.3766,0.0415,0.1484,2,Drowsy
0.0961,0.1467,0.0499,0.9234,30.0236,-2.7912,4.8576,0.0926,0.7986,3,Absent
0.1002,0.0386,0.0731,0.5949,27.8364,28.2546,25.6929,0.0604,0.5843,3,Absent
0.1918,0.1454,0.1898,0.3768,-0.4539,11.2428,-1.6929,0.0147,0.0899,2,Drowsy
0.2897,0.2638,0.2801,0.2871,14.9389,37.1033,8.1192,0.0342,0.4115,1,Distracted
0.1172,0.1127,0.0419,0.4606,22.2784,-23.6016,1.2159,0.1028,0.839,3,Absent
0.0168,0.0511,0.0763,0.5598,20.1101,24.7925,20.8138,0.0952,0.2893,3,Absent
0.1015,0.0312,0.0877,0.5731,-7.6891,17.5227,33.4358,0.0062,0.5739,3,Absent
0.0,0.0281,0.0368,0.4375,7.0486,30.3165,7.9002,0.04,0.2055,3,Absent
0.1533,0.0921,0.1965,0.5488,7.571,2.8782,-1.6751,0.0499,0.0857,2,Drowsy
0.1859,0.2199,0.1579,0.4687,5.8194,-0.3749,10.3849,0.0311,0.1207,2,Drowsy
0.2153,0.1811,0.137,0.4544,14.0579,21.9429,2.4165,0.0068,0.1136,2,Drowsy
0.0418,0.0752,0.0286,0.5787,39.9234,21.4777,25.712,0.0941,0.5146,3,Absent
0.35,0.3304,0.254,0.186,-1.9985,3.1826,4.5883,0.0127,0.0556,0,Attentive
0.2687,0.2091,0.1503,0.4297,6.4815,12.3505,-0.4981,0.0277,0.0139,2,Drowsy
0.3211,0.3072,0.2834,0.2685,3.9943,9.5524,5.8847,0.0203,0.0231,0,Attentive
0.262,0.2748,0.2902,0.1672,16.1673,3.6312,6.2428,0.0252,0.4978,1,Distracted
0.2437,0.1271,0.1303,0.3309,5.0751,-14.4698,1.056,0.0681,0.1193,2,Drowsy
0.0663,0.0222,0.0439,0.6279,44.2807,16.2474,7.8705,0.0,0.8527,3,Absent
0.2984,0.3607,0.2815,0.3146,17.589,1.7504,-2.2049,0.0555,0.0947,1,Distracted
0.3016,0.2669,0.239,0.2921,16.3166,10.3971,-3.5373,0.0392,0.2576,1,Distracted
0.2919,0.2992,0.3488,0.2843,15.2885,7.1828,-1.5565,0.0212,0.0571,0,Attentive
0.3195,0.2659,0.295,0.2497,7.7904,7.6784,-1.6709,0.0208,0.0637,0,Attentive
0.3695,0.2268,0.27,0.1286,31.3888,16.4272,9.3238,0.0315,0.4389,1,Distracted
0.2975,0.2574,0.1986,0.2658,47.3355,6.0795,5.1699,0.0384,0.2485,1,Distracted
0.3539,0.3196,0.2758,0.3236,30.1556,18.2915,-9.3465,0.0096,0.4479,1,Distracted
0.2985,0.3213,0.3778,0.2904,-3.7845,0.0337,-0.2671,0.002,0.0401,0,Attentive
0.0936,0.0046,0.1121,0.664,23.4949,6.2367,19.9546,0.0751,0.5755,3,Absent
0.2705,0.2275,0.2866,0.2289,42.984,32.0961,0.2806,0.0366,0.1744,1,Distracted
0.3272,0.3324,0.3102,0.2984,32.2273,-1.9187,16.6612,0.0148,0.4164,1,Distracted
0.2345,0.2298,0.2122,0.393,1.7047,10.493,7.472,0.0298,0.0868,2,Drowsy
0.0331,0.1096,0.0595,0.7353,25.3894,47.7673,21.292,0.0834,0.6304,3,Absent
0.28,0.278,0.3274,0.2713,-9.3595,-0.7751,3.9319,0.0284,0.0296,0,Attentive
0.2455,0.2565,0.3253,0.2335,36.4984,2.1746,3.1163,0.0291,0.2717,1,Distracted
0.2446,0.166,0.2991,0.4033,36.7738,-4.1627,1.1433,0.0208,0.2482,1,Distracted
0.27,0.2411,0.2828,0.3661,14.1269,1.9978,1.6838,0.0224,0.424,1,Distracted
0.2802,0.2828,0.3134,0.3017,-0.2597,9.3557,2.6174,0.0188,0.0437,0,Attentive
0.141,0.0125,0.0353,0.6124,76.861,16.078,13.5386,0.0686,0.7454,3,Absent
0.0842,0.0185,0.0454,0.7619,23.4038,11.4778,6.6236,0.0686,0.5924,3,Absent
0.1717,0.1043,0.1737,0.6284,-3.1678,3.3321,-1.9181,0.0522,0.1281,2,Drowsy
0.0901,0.1026,0.0816,0.6305,52.9204,22.1875,24.6683,0.0543,0.3304,3,Absent
0.1969,0.1713,0.2454,0.2936,-13.7383,2.1533,7.5521,0.0189,0.0408,2,Drowsy
0.2475,0.3391,0.2584,0.3016,12.0136,-4.6368,-0.0541,0.0089,0.0436,0,Attentive
0.1422,0.0515,0.0291,0.6658,20.5253,12.6192,13.0653,0.0793,0.6841,3,Absent
0.0808,0.1344,0.0556,0.4852,25.2535,19.1634,27.0327,0.0364,0.498,3,Absent
0.1344,0.1722,0.1695,0.3908,-0.3105,17.4776,2.4013,0.0173,0.0615,2,Drowsy
0.2175,0.2288,0.2052,0.4833,-5.8316,9.199,6.984,0.0691,0.1075,2,Drowsy
0.2694,0.317,0.2346,0.4221,45.2726,-6.84,0.7458,0.0463,0.4676,1,Distracted
0.1714,0.217,0.1799,0.5522,6.7006,4.7753,4.4381,0.0494,0.0856,2,Drowsy
0.044,0.0897,0.0728,0.6018,-9.846,12.2817,1.6743,0.0665,0.7482,3,Absent
0.313,0.3473,0.2937,0.2147,33.5133,-1.1852,8.8571,0.003,0.32,1,Distracted
0.1477,0.1495,0.2165,0.2848,-2.101,19.5746,5.2199,0.0438,0.1653,2,Drowsy
0.2896,0.2725,0.3091,0.2663,37.7785,21.4647,9.7441,0.0457,0.2351,1,Distracted
0.1488,0.2004,0.1436,0.3043,17.808,12.636,2.679,0.0399,0.1002,2,Drowsy
0.1262,0.1248,0.1301,0.5971,-2.0092,10.8477,11.6204,0.1,0.989,3,Absent
0.2408,0.1407,0.1467,0.4171,3.1333,19.6718,5.3471,0.0513,0.091,2,Drowsy
0.1582,0.14,0.1365,0.6093,-4.3049,7.7796,-0.8864,0.011,0.0683,2,Drowsy
0.1043,0.0773,0.1661,0.5845,46.1802,-0.3144,24.7634,0.0931,0.1686,3,Absent
0.2765,0.2793,0.2771,0.2084,2.4626,-2.0103,5.4103,0.0349,0.0326,0,Attentive
0.0236,0.0123,0.0384,0.6888,20.9016,28.3378,14.2036,0.0108,0.6489,3,Absent
0.3071,0.2286,0.2684,0.3073,34.206,12.5889,-1.3948,0.0419,0.2887,1,Distracted
0.275,0.3655,0.3143,0.221,-1.8911,2.3494,0.8025,0.0312,0.0556,0,Attentive
0.2284,0.2851,0.3274,0.1717,-21.0611,6.9983,3.2183,0.0091,0.0204,0,Attentive
0.0192,0.1348,0.0557,0.8696,14.3721,35.5646,-14.9616,0.0147,0.4913,3,Absent
0.0939,0.1915,0.1505,0.3692,1.9967,4.0134,3.8287,0.0384,0.005,2,Drowsy
0.1997,0.2002,0.169,0.5215,-10.865,2.3452,3.1501,0.0166,0.0101,2,Drowsy
0.0931,0.0545,0.1103,0.6248,-17.4659,28.2922,4.4096,0.0392,0.8606,3,Absent
0.2989,0.2515,0.3291,0.2133,-3.482,4.404,7.7432,0.0098,0.0519,0,Attentive
0.3097,0.284,0.321,0.1821,-4.2054,-3.7494,7.4003,0.0294,0.0646,0,Attentive
0.0411,0.0555,0.0598,0.6154,0.6441,7.791,24.1993,0.0556,0.5195,3,Absent
0.0479,0.1099,0.0487,0.5428,18.7796,1.612,34.2256,0.1078,0.4593,3,Absent
0.0,0.1841,0.0587,0.576,24.4219,28.256,23.1223,0.1032,0.8501,3,Absent
0.2765,0.3212,0.3521,0.1996,0.2819,4.6213,5.932,0.0144,0.0,0,Attentive
0.0547,0.1201,0.0573,0.4622,44.7026,3.4541,44.4206,0.0353,0.9767,3,Absent
0.312,0.3748,0.2931,0.2341,3.9326,10.5006,-5.5327,0.0003,0.0324,0,Attentive
0.2142,0.2014,0.1914,0.5365,4.7149,15.8766,7.0705,0.0328,0.1158,2,Drowsy
0.3245,0.3258,0.2854,0.2416,5.2606,1.2592,10.0367,0.0249,0.072,0,Attentive
0.2526,0.2762,0.2944,0.3746,12.7005,4.9231,-7.761,0.0306,0.3772,1,Distracted
0.3436,0.2848,0.3165,0.315,29.777,-4.0896,6.65,0.0002,0.4795,1,Distracted
0.3359,0.2978,0.2811,0.2703,38.9704,17.4977,8.6554,0.0234,0.3825,1,Distracted
0.3129,0.2008,0.2655,0.337,38.2936,-1.9652,-9.5807,0.0227,0.3428,1,Distracted
0.2255,0.2526,0.2797,0.2836,58.1154,10.8128,12.0731,0.0213,0.3188,1,Distracted
0.1277,0.2172,0.1909,0.5862,2.4498,4.6461,10.9404,0.0782,0.0804,2,Drowsy
0.2449,0.2406,0.276,0.306,36.9671,2.5734,1.9635,0.0073,0.3275,1,Distracted
0.1496,0.2037,0.0295,0.6677,22.6195,19.787,1.9821,0.0225,0.5981,3,Absent
0.1596,0.1627,0.1999,0.5435,-0.2651,6.1251,1.17,0.0134,0.0712,2,Drowsy
0.1264,0.1193,0.1464,0.6321,21.7062,9.6399,4.7447,0.0333,0.0426,2,Drowsy
0.1856,0.2113,0.2034,0.4079,3.4362,3.9085,2.9484,0.0207,0.0956,2,Drowsy
0.2811,0.2551,0.267,0.2661,44.7182,8.5157,9.9482,0.0417,0.4072,1,Distracted
0.134,0.1189,0.0975,0.7265,23.2431,24.5317,17.6523,0.05,0.7007,3,Absent
0.2882,0.253,0.2627,0.1999,-4.3775,-3.6823,4.5911,0.0149,0.0446,0,Attentive
0.3256,0.2254,0.294,0.2392,30.5744,19.4594,6.1883,0.0,0.2524,1,Distracted
0.2776,0.2969,0.3153,0.2487,1.2627,3.4086,-1.0193,0.0166,0.0,0,Attentive
0.244,0.1618,0.2617,0.228,39.1881,42.8572,9.171,0.0847,0.4069,1,Distracted
0.2931,0.257,0.3074,0.2459,51.9034,8.7425,9.0276,0.0449,0.2872,1,Distracted
0.1531,0.1488,0.1941,0.6019,4.0893,11.3967,2.3921,0.0091,0.1187,2,Drowsy
0.1409,0.1934,0.1615,0.4282,3.1628,2.5402,-0.8396,0.0078,0.0741,2,Drowsy
0.2171,0.2379,0.3148,0.2953,33.4535,4.9091,7.9122,0.013,0.3806,1,Distracted
0.3484,0.3265,0.2746,0.3229,30.2812,10.3396,2.8314,0.0453,0.4933,1,Distracted
0.2713,0.2823,0.2885,0.2928,16.419,-2.6362,7.3842,0.0,0.0142,0,Attentive
0.29,0.3123,0.2707,0.2335,27.7685,10.0178,-1.3553,0.02,0.2984,1,Distracted
0.2889,0.2578,0.3004,0.2951,-4.262,13.635,4.554,0.0303,0.0303,0,Attentive
0.3352,0.2647,0.3122,0.3091,6.8473,1.5823,-0.6415,0.0304,0.0073,0,Attentive
0.0595,0.0792,0.1505,0.7225,39.665,6.2196,28.1512,0.0692,0.2501,3,Absent
0.2421,0.2727,0.2898,0.2636,42.0203,12.8119,15.9954,0.0,0.3378,1,Distracted
0.2901,0.2263,0.2988,0.3733,51.4374,17.3443,13.5345,0.0311,0.4128,1,Distracted
0.2117,0.2566,0.3864,0.2219,48.7736,4.1405,8.0543,0.0431,0.4629,1,Distracted
0.0843,0.062,0.1392,0.7389,8.466,26.3891,30.2055,0.0082,0.3454,3,Absent
0.1175,0.0726,0.0741,0.5113,15.1822,23.6516,28.2614,0.0314,0.512,3,Absent
0.1551,0.2414,0.2254,0.5114,18.6318,25.8588,3.1238,0.0238,0.0054,2,Drowsy
0.1756,0.102,0.2016,0.5722,0.9285,6.919,3.183,0.0436,0.0785,2,Drowsy
0.2707,0.2804,0.3199,0.2092,40.0245,9.8603,2.9991,0.0477,0.4379,1,Distracted
0.1864,0.1793,0.2828,0.3833,-1.4057,13.5528,1.0242,0.0342,0.0365,2,Drowsy
0.2526,0.207,0.317,0.2383,49.3513,18.8175,8.3403,0.0423,0.2885,1,Distracted
0.2737,0.303,0.312,0.3248,-0.9597,-0.483,7.7484,0.023,0.088,0,Attentive
0.2678,0.3219,0.2507,0.244,42.1225,10.0306,8.5077,0.0348,0.398,1,Distracted
0.3075,0.3044,0.3297,0.163,43.0066,19.8374,-3.0323,0.0123,0.2649,1,Distracted
0.1837,0.1758,0.1633,0.4666,11.9717,15.1115,5.767,0.052,0.1309,2,Drowsy
0.2725,0.2838,0.244,0.2936,14.3728,20.4695,5.2798,0.0196,0.2666,1,Distracted
0.2098,0.2072,0.183,0.3323,0.598,14.7027,10.636,0.0335,0.07,2,Drowsy
0.278,0.1664,0.196,0.3944,-3.7917,2.5895,-6.4124,0.0671,0.0,2,Drowsy
0.0389,0.1827,0.056,0.8017,9.0049,15.8327,21.187,0.053,0.6263,3,Absent
0.2296,0.1387,0.1686,0.4929,13.2876,6.8382,3.5878,0.0537,0.035,2,Drowsy
0.2504,0.1464,0.1663,0.3675,5.4968,3.6932,5.199,0.0621,0.0,2,Drowsy
0.3118,0.2874,0.3072,0.3538,9.969,0.7178,8.0061,0.0159,0.0,0,Attentive
0.0992,0.0307,0.076,0.5529,4.1436,8.5209,6.9015,0.0733,0.6647,3,Absent
0.2702,0.2664,0.2811,0.2516,-10.8062,3.1564,10.4677,0.0215,0.0412,0,Attentive
0.2966,0.2415,0.2124,0.1746,19.7722,1.1114,4.0415,0.0097,0.3839,1,Distracted
0.1491,0.1636,0.2087,0.3379,16.43,-2.6972,15.6574,0.0745,0.0856,2,Drowsy
0.2564,0.2299,0.2939,0.273,53.8898,6.5409,-0.0243,0.0479,0.4425,1,Distracted
0.2202,0.2803,0.2797,0.2127,17.5854,9.1245,3.6015,0.0217,0.3417,1,Distracted
0.1873,0.2344,0.1784,0.3614,-8.9575,12.1044,5.2364,0.0271,0.121,2,Drowsy
0.0743,0.026,0.0784,0.6607,-23.2813,16.5449,0.8894,0.065,0.6774,3,Absent
0.2354,0.2104,0.3187,0.1435,32.5504,41.1768,4.9277,0.0076,0.3443,1,Distracted
0.0193,0.1202,0.0062,0.7682,7.4657,25.3985,-8.1541,0.014,0.6437,3,Absent
0.1157,0.0616,0.0941,0.5878,11.1251,-3.494,21.1449,0.0611,0.6353,3,Absent
0.0898,0.0885,0.0384,0.7845,19.6612,20.5056,26.2848,0.0203,0.5957,3,Absent
0.2978,0.2974,0.2536,0.2126,65.0381,5.1602,9.1953,0.0,0.322,1,Distracted
0.0912,0.074,0.1253,0.7997,40.7826,16.2937,2.9583,0.0797,0.277,3,Absent
0.045,0.0369,0.0,0.6667,-2.4494,17.4764,8.8547,0.0438,0.5201,3,Absent
0.2377,0.2929,0.3536,0.1728,-12.8557,-7.4943,6.4918,0.0312,0.0346,0,Attentive
0.0205,0.1318,0.0941,0.6357,-8.2789,8.8271,39.2228,0.0047,0.4997,3,Absent
0.3009,0.2944,0.3303,0.188,7.8627,10.7093,5.5817,0.0432,0.0341,0,Attentive
0.0616,0.1585,0.1056,0.6593,17.7922,34.6686,7.7256,0.0,0.5645,3,Absent
0.2573,0.3005,0.2902,0.2826,46.1664,3.3916,1.5489,0.0298,0.286,1,Distracted
0.3114,0.2755,0.308,0.1298,14.1396,7.7061,-5.5024,0.0052,0.1002,0,Attentive
0.1161,0.1205,0.0718,0.8811,28.7104,23.7094,5.8687,0.0471,0.5729,3,Absent
0.1774,0.0814,0.0376,0.5022,-2.9969,22.1054,14.9233,0.0129,0.4787,3,Absent
0.0916,0.0271,0.1198,0.7929,1.6994,15.5293,26.9363,0.05,0.2711,3,Absent
0.2877,0.2742,0.2767,0.2909,19.2377,10.3957,5.9807,0.0326,0.3284,1,Distracted
0.1634,0.1265,0.1121,0.3365,9.1398,-2.1724,2.2987,0.0789,0.078,2,Drowsy
0.3163,0.2674,0.3264,0.27,23.3457,31.7732,-5.9499,0.0152,0.2873,1,Distracted
0.1142,0.2288,0.1483,0.3397,5.9877,-0.3051,0.4644,0.0471,0.0,2,Drowsy
0.2059,0.0863,0.0648,0.6621,38.3592,19.2556,23.2167,0.0619,0.4919,3,Absent
0.1957,0.1895,0.2165,0.5927,-6.0193,-0.4031,0.0987,0.01,0.0775,2,Drowsy
0.2356,0.1344,0.1571,0.3276,-6.8616,20.7297,6.7139,0.0428,0.0537,2,Drowsy
0.2083,0.1513,0.1462,0.4393,-1.3197,-4.3426,3.0884,0.0421,0.1307,2,Drowsy
0.2486,0.3406,0.2971,0.3119,-9.7554,-1.1956,2.0262,0.0205,0.0365,0,Attentive
0.3045,0.2787,0.3091,0.2257,13.6467,4.67,0.4019,0.0284,0.2863,1,Distracted
0.2292,0.3278,0.2585,0.2597,52.4041,-1.2215,0.638,0.0146,0.5118,1,Distracted
0.2754,0.3328,0.2863,0.1832,8.7931,12.0353,14.9395,0.008,0.071,0,Attentive
0.2705,0.2998,0.3196,0.2406,12.5449,10.1506,6.5946,0.0154,0.0176,0,Attentive
0.1605,0.2066,0.1878,0.2599,4.6664,10.546,2.3572,0.0388,0.0876,2,Drowsy
0.2836,0.2936,0.3209,0.2339,-9.685,10.9805,-2.1855,0.0194,0.0634,0,Attentive
0.0746,0.1205,0.0972,0.6048,-13.4195,42.4855,6.767,0.0607,0.1667,3,Absent
0.0717,0.0921,0.1147,0.5549,-34.3704,30.1937,26.1326,0.056,0.6037,3,Absent
0.3131,0.3253,0.3098,0.2727,-9.6578,3.3516,4.3975,0.0273,0.0292,0,Attentive
0.3213,0.2955,0.246,0.1988,36.7854,8.2874,5.5243,0.0297,0.6084,1,Distracted
0.0331,0.0121,0.0997,0.5079,23.4635,47.4786,32.1332,0.0,0.2943,3,Absent
0.2762,0.2645,0.2724,0.3,32.9458,9.3389,-5.2554,0.0378,0.3411,1,Distracted
0.3146,0.3019,0.2506,0.203,1.8473,-5.4679,4.9996,0.0353,0.0866,0,Attentive
0.2947,0.2535,0.2877,0.2358,0.9506,1.3095,1.6912,0.0248,0.0762,0,Attentive
0.3495,0.2811,0.2992,0.2517,-14.7407,-5.1772,-3.4844,0.0282,0.0762,0,Attentive
0.2818,0.247,0.3435,0.1855,3.4676,9.3883,4.1086,0.0194,0.0,0,Attentive
0.0553,0.0406,0.0881,0.4763,-16.0386,13.11,13.3914,0.0528,0.4271,3,Absent
0.3077,0.2978,0.252,0.2487,3.4818,20.2427,1.0382,0.023,0.049,0,Attentive
0.1655,0.1707,0.1464,0.5346,-9.9319,15.7687,-3.0185,0.0593,0.0658,2,Drowsy
0.3482,0.2994,0.3072,0.1911,1.2426,7.2667,-5.7769,0.022,0.053,0,Attentive
0.3006,0.3093,0.3426,0.262,23.8135,6.9586,-6.8038,0.0275,0.0614,0,Attentive
0.2365,0.2841,0.3027,0.3352,53.7472,39.4525,6.5031,0.0167,0.3953,1,Distracted
0.2638,0.1609,0.1396,0.4406,11.2629,8.1393,6.428,0.0226,0.1395,2,Drowsy
0.307,0.2429,0.2867,0.3675,32.5117,11.2945,3.5449,0.0,0.3521,1,Distracted
0.1976,0.1878,0.1523,0.4088,19.6857,29.3773,11.8133,0.0496,0.0665,2,Drowsy
0.139,0.1728,0.1825,0.5197,9.0987,9.3563,4.6017,0.0544,0.0457,2,Drowsy
0.1388,0.1598,0.1825,0.4747,0.0057,14.2949,6.9523,0.0628,0.0767,2,Drowsy
0.2892,0.3069,0.2903,0.2412,27.4496,-4.3971,-0.1235,0.0692,0.2708,1,Distracted
0.2035,0.3511,0.2969,0.2775,45.882,-4.5183,1.0118,0.0276,0.4866,1,Distracted
0.2679,0.3173,0.2822,0.3222,13.7147,-29.224,6.7027,0.0015,0.3288,1,Distracted
0.3432,0.2569,0.3291,0.2505,-4.8521,6.2347,2.9953,0.014,0.0521,0,Attentive
0.3089,0.2875,0.2736,0.2652,49.0064,5.094,8.4615,0.023,0.544,1,Distracted
0.0266,0.0377,0.1101,0.6588,35.6358,35.042,6.2886,0.051,0.5474,3,Absent
0.3818,0.3485,0.2617,0.1929,30.1262,0.5302,7.7081,0.0064,0.3427,1,Distracted
0.2548,0.2517,0.2347,0.285,22.0351,-1.7742,2.4579,0.0202,0.2962,1,Distracted
0.3522,0.2321,0.2651,0.2566,51.2697,9.6506,-0.444,0.0412,0.3095,1,Distracted
0.3312,0.3417,0.25,0.2867,43.091,25.1635,9.3109,0.0358,0.4167,1,Distracted
0.1091,0.0737,0.0409,0.5832,45.8197,2.9399,20.6197,0.0565,0.4785,3,Absent
0.2222,0.2945,0.2521,0.3445,37.7032,16.0676,13.4642,0.0238,0.2926,1,Distracted
0.1639,0.1902,0.2019,0.6461,-9.2805,14.6076,7.715,0.0373,0.1115,2,Drowsy
0.047,0.079,0.1456,0.7542,23.6665,33.8596,21.5473,0.0619,0.7461,3,Absent
0.2418,0.2184,0.2373,0.3319,31.1525,3.9248,0.7042,0.0317,0.3261,1,Distracted
0.2284,0.1684,0.1492,0.5328,10.4187,8.8059,14.8878,0.0312,0.044,2,Drowsy
0.2379,0.2664,0.2778,0.3354,40.4092,5.8368,4.2001,0.0236,0.2585,1,Distracted
0.3163,0.3254,0.3129,0.2269,9.0525,-6.7615,7.2695,0.0081,0.0586,0,Attentive
0.2774,0.2315,0.3027,0.2825,36.9846,2.9326,15.4483,0.0869,0.3221,1,Distracted
0.0951,0.0867,0.032,0.7292,11.1204,13.2831,9.1134,0.0632,0.2429,3,Absent
0.0699,0.0911,0.0554,0.6259,27.0911,7.0549,28.0719,0.0856,0.6713,3,Absent
0.2937,0.3362,0.2618,0.1972,4.0101,-3.8926,-1.9626,0.0158,0.009,0,Attentive
0.3111,0.3118,0.2518,0.2361,9.7613,2.6577,-5.0259,0.0195,0.1011,0,Attentive
0.1825,0.165,0.1667,0.5577,5.4033,10.7765,-3.2865,0.0485,0.1012,2,Drowsy
0.2883,0.2978,0.2948,0.1837,21.5105,11.0254,-5.1237,0.0466,0.4372,1,Distracted
0.3055,0.3498,0.3032,0.2923,39.9097,24.1484,-0.2452,0.0278,0.3047,1,Distracted
0.1412,0.0961,0.0797,0.6781,-12.5014,8.489,19.48,0.0842,0.4399,3,Absent
0.0,0.0537,0.0912,0.3909,21.5313,22.3697,0.7981,0.0581,0.5515,3,Absent
0.2728,0.2576,0.3366,0.2387,3.5402,-6.9732,-0.7219,0.0211,0.0155,0,Attentive
0.2655,0.2871,0.1619,0.253,44.1668,6.0961,2.2026,0.0092,0.4503,1,Distracted
0.0947,0.0516,0.059,0.4749,21.7603,26.4465,37.3257,0.0641,0.4601,3,Absent
0.314,0.3296,0.2981,0.234,4.2141,-2.846,12.4477,0.0039,0.0555,0,Attentive
0.0679,0.1382,0.0697,0.5019,-8.3218,25.4409,5.8718,0.0701,0.2838,3,Absent
0.2872,0.2418,0.2593,0.3547,34.3819,13.7536,4.3089,0.0063,0.4434,1,Distracted
0.2741,0.2962,0.2772,0.2848,-0.0051,-6.1337,4.2083,0.0057,0.0249,0,Attentive
0.2759,0.1993,0.2053,0.4029,8.331,4.9609,4.5793,0.0435,0.0659,2,Drowsy
0.2661,0.2865,0.3314,0.2232,5.8676,-2.1167,5.7896,0.0269,0.1055,0,Attentive
0.2291,0.1255,0.1826,0.4124,11.6247,-1.7424,6.1504,0.0269,0.0889,2,Drowsy
0.2501,0.2917,0.2901,0.2698,42.6229,-0.2624,8.6614,0.0395,0.3878,1,Distracted
0.3308,0.3793,0.315,0.2525,8.7796,0.443,13.9398,0.0218,0.0418,0,Attentive
0.2574,0.277,0.3338,0.2405,27.866,14.7814,1.5366,0.0331,0.1948,1,Distracted
0.3072,0.3376,0.3197,0.2985,5.6148,-6.7251,1.0215,0.0306,0.0485,0,Attentive
0.3803,0.3523,0.3323,0.2602,64.1141,13.6835,10.8636,0.0336,0.3451,1,Distracted
0.2804,0.2884,0.2841,0.2604,5.8829,-3.3745,8.3553,0.0102,0.0015,0,Attentive
0.2841,0.2619,0.246,0.2777,41.8371,6.7582,-8.185,0.0554,0.369,1,Distracted
0.3065,0.3841,0.2967,0.225,30.5946,10.3159,2.9035,0.0481,0.3717,1,Distracted
0.301,0.2975,0.3248,0.2874,5.383,6.1511,1.4782,0.0378,0.0056,0,Attentive
0.2102,0.2003,0.1554,0.5385,-8.241,-5.8825,-2.3794,0.0393,0.107,2,Drowsy
0.264,0.2567,0.3292,0.292,9.7688,3.2646,-0.1493,0.0191,0.4063,1,Distracted
0.0835,0.2222,0.1272,0.4731,-2.1975,25.1417,11.198,0.0252,0.0749,2,Drowsy
0.269,0.2873,0.234,0.2883,40.9773,15.1616,11.3925,0.0145,0.2967,1,Distracted
0.1345,0.2099,0.145,0.5817,21.6543,-5.4922,-1.4238,0.0555,0.1005,2,Drowsy
0.167,0.1674,0.1676,0.5222,1.4667,19.1514,-0.0924,0.0434,0.049,2,Drowsy
0.0601,0.0297,0.117,0.6099,15.9201,0.0871,39.8596,0.1228,0.3939,3,Absent
0.0332,0.0786,0.1064,0.8735,25.4538,35.113,-4.3542,0.1104,0.6711,3,Absent
0.0561,0.0536,0.0355,0.7405,16.5547,15.235,16.318,0.0449,0.1499,3,Absent
0.1221,0.0,0.0799,0.6026,27.1407,17.0951,13.9779,0.0241,0.6969,3,Absent
0.2902,0.2596,0.293,0.2753,7.2227,-10.2977,1.3587,0.0062,0.0771,0,Attentive
0.0887,0.0465,0.1141,0.7176,5.2112,14.7727,11.0226,0.0868,0.5906,3,Absent
0.305,0.3348,0.2576,0.3466,38.3048,19.1371,6.1166,0.0559,0.3724,1,Distracted
0.2239,0.2766,0.3589,0.2679,32.8011,-4.4191,10.6756,0.0491,0.4289,1,Distracted
0.2563,0.3091,0.2863,0.3434,3.2785,-2.6154,-3.7358,0.0309,0.0329,0,Attentive
0.2642,0.277,0.2685,0.1956,28.4414,9.0238,12.3714,0.074,0.4835,1,Distracted
0.2214,0.1723,0.1481,0.295,-3.5896,-5.5112,4.2923,0.0579,0.0296,2,Drowsy
0.0848,0.0952,0.0932,0.4736,17.1852,23.7271,20.5026,0.0223,0.2962,3,Absent
0.2409,0.2779,0.253,0.2269,36.2609,-5.0507,-1.0478,0.0711,0.3959,1,Distracted
0.3485,0.263,0.2852,0.2487,5.2413,-2.6672,4.1203,0.0153,0.0496,0,Attentive
0.0255,0.0756,0.0873,0.7779,-1.037,24.2823,-3.3482,0.0631,0.5285,3,Absent
0.2206,0.3381,0.2468,0.3552,33.9171,21.7601,11.8086,0.0386,0.4009,1,Distracted
0.217,0.2963,0.3003,0.1565,44.582,18.7661,3.1293,0.055,0.4636,1,Distracted
0.3101,0.2921,0.2961,0.1895,15.7312,9.137,6.8208,0.0169,0.0,0,Attentive
0.0749,0.1735,0.1822,0.4742,-8.5128,9.7985,-1.2072,0.0238,0.1087,2,Drowsy
0.2841,0.2827,0.2931,0.1349,-9.1215,12.5681,10.2248,0.0175,0.0673,0,Attentive
0.1723,0.2785,0.1693,0.5087,-11.4407,11.456,9.7103,0.0294,0.0,2,Drowsy
0.0322,0.0536,0.0505,0.6785,21.4118,24.1886,4.9102,0.0479,0.1389,3,Absent
0.0741,0.1009,0.14,0.4852,31.8759,36.9009,-2.8406,0.0446,0.3371,3,Absent
0.1899,0.1517,0.1701,0.3365,14.0475,12.5965,9.6221,0.0643,0.0634,2,Drowsy
0.3508,0.3164,0.3024,0.3014,27.0664,7.9943,4.5325,0.041,0.5009,1,Distracted
0.2277,0.2739,0.2497,0.3344,39.8702,9.3015,0.2151,0.0376,0.4191,1,Distracted
0.2918,0.2898,0.3125,0.1822,4.7852,6.8632,5.4012,0.0006,0.0272,0,Attentive
0.2849,0.2976,0.3087,0.2256,-2.4057,3.2391,-3.4362,0.0091,0.0704,0,Attentive
0.3137,0.3502,0.2999,0.2834,-5.7336,0.2903,5.4777,0.0285,0.0412,0,Attentive
0.3629,0.2842,0.3008,0.2164,4.7862,-9.1956,-0.7302,0.0091,0.0541,0,Attentive
0.0909,0.1872,0.0478,0.4826,52.2036,-1.4629,23.1968,0.0206,0.1361,3,Absent
0.0844,0.0919,0.1075,0.7928,36.8642,28.0713,-3.7044,0.0354,0.7139,3,Absent
0.2735,0.3278,0.2632,0.2961,37.5122,9.5496,2.404,0.0378,0.2574,1,Distracted
0.0727,0.0297,0.1096,0.3884,12.2731,33.6247,9.7473,0.0285,0.4668,3,Absent
0.2251,0.2264,0.1868,0.2982,18.2373,12.4479,0.9578,0.0481,0.0196,2,Drowsy
0.2987,0.3513,0.2713,0.1373,43.0406,19.854,-4.5151,0.0335,0.3951,1,Distracted
0.0995,0.2172,0.1755,0.4056,-7.8633,7.9553,4.1678,0.0139,0.0211,2,Drowsy
0.2971,0.29,0.2922,0.1726,5.114,2.7177,5.7268,0.0209,0.0451,0,Attentive
0.2903,0.2271,0.2647,0.3327,39.2199,15.6864,7.2975,0.0625,0.3736,1,Distracted
0.3235,0.2925,0.2851,0.3211,16.9112,9.852,2.4266,0.0119,0.0251,0,Attentive
0.1257,0.1882,0.1385,0.4012,5.4607,6.3003,5.2522,0.0536,0.0337,2,Drowsy
0.284,0.2897,0.2906,0.201,-12.6587,-1.677,2.9669,0.0065,0.0505,0,Attentive
0.3336,0.2842,0.2869,0.2118,10.0094,-1.966,5.223,0.0162,0.0,0,Attentive
0.0536,0.077,0.1075,0.46,9.8515,13.9599,14.0013,0.011,0.5065,3,Absent
0.2183,0.1819,0.131,0.242,-8.2353,10.8781,4.1588,0.0358,0.0653,2,Drowsy
0.2761,0.3131,0.2721,0.38,26.86,3.8586,14.1471,0.0211,0.5101,1,Distracted
0.3124,0.3481,0.2929,0.2569,-5.689,-3.0778,2.4891,0.031,0.0423,0,Attentive
0.3293,0.342,0.2843,0.2361,-5.2905,1.5758,1.8171,0.0266,0.0827,0,Attentive
0.2478,0.0981,0.2309,0.4455,12.0206,10.9107,5.7302,0.0511,0.1124,2,Drowsy
0.1634,0.143,0.2401,0.5139,26.7761,4.2591,0.3766,0.0371,0.1351,2,Drowsy
0.2638,0.2677,0.3419,0.2027,-6.2268,10.9612,3.6928,0.0106,0.0565,0,Attentive
0.3235,0.2731,0.2808,0.2269,-15.0223,5.3518,0.6358,0.0297,0.017,0,Attentive
0.145,0.0434,0.0777,0.4454,40.7546,-8.6912,-4.7137,0.0815,0.934,3,Absent
0.2333,0.185,0.189,0.3306,11.9663,11.0387,6.8365,0.0738,0.0558,2,Drowsy
0.1205,0.0049,0.1242,0.6163,5.2651,3.5191,23.0924,0.0496,0.8678,3,Absent
0.3001,0.3321,0.3318,0.2445,-0.1059,2.6086,3.6898,0.0289,0.0501,0,Attentive
0.1242,0.1379,0.1138,0.4574,30.9287,-5.0901,15.6965,0.0562,0.612,3,Absent
0.2383,0.2948,0.2666,0.306,34.4857,10.7427,-0.4696,0.0498,0.2344,1,Distracted
0.1466,0.1509,0.1539,0.288,6.7346,15.1573,7.9816,0.0348,0.0476,2,Drowsy
0.2063,0.2899,0.311,0.1929,23.9088,22.1318,8.1974,0.0177,0.4702,1,Distracted
0.2781,0.298,0.2594,0.3092,55.1269,19.9553,4.5113,0.0435,0.4078,1,Distracted
0.3394,0.2389,0.3356,0.297,34.9152,6.0245,-3.3071,0.0498,0.2724,1,Distracted
0.2825,0.2869,0.2161,0.3073,44.2727,9.2271,19.2468,0.0163,0.3139,1,Distracted
0.2611,0.2899,0.3417,0.237,-9.0251,1.2798,0.6364,0.0,0.0484,0,Attentive
0.285,0.3293,0.3129,0.2989,7.1771,-4.7257,0.3461,0.0122,0.0899,0,Attentive
0.1173,0.0732,0.0381,0.8435,22.1612,9.3388,-1.6897,0.0113,0.4754,3,Absent
0.0,0.1014,0.0867,0.6011,17.538,18.9785,12.8409,0.1127,0.4758,3,Absent
0.3055,0.261,0.2613,0.3184,43.5828,6.0665,-4.5231,0.0259,0.4124,1,Distracted
0.3297,0.2942,0.2167,0.3181,33.588,5.4453,6.4697,0.0395,0.4208,1,Distracted
0.2781,0.299,0.3449,0.2241,4.7903,2.885,7.942,0.0453,0.0341,0,Attentive
0.3792,0.2601,0.277,0.2001,25.2852,29.0191,1.8678,0.0684,0.2257,1,Distracted
0.2698,0.2636,0.329,0.2896,7.993,7.3984,1.9388,0.011,0.0523,0,Attentive
0.2708,0.2989,0.2689,0.4033,48.7882,11.6969,6.2024,0.0589,0.408,1,Distracted
0.1997,0.1788,0.1144,0.6696,13.6064,-2.2796,2.2743,0.0353,0.1232,2,Drowsy
0.1002,0.0451,0.0379,0.5841,42.3775,-0.8947,7.2996,0.0863,0.6488,3,Absent
0.2708,0.3211,0.2673,0.1701,-2.0402,8.1237,1.0154,0.0154,0.0513,0,Attentive
0.1315,0.0098,0.0363,0.6833,62.1995,38.6939,12.0228,0.0,0.5663,3,Absent
0.2362,0.2358,0.2952,0.2666,14.8164,14.7804,-3.6376,0.0328,0.3738,1,Distracted
0.3398,0.3311,0.245,0.342,27.1827,-8.667,2.4524,0.038,0.3037,1,Distracted
0.0094,0.0452,0.1734,0.6929,37.996,16.8193,8.5207,0.0508,0.4968,3,Absent
0.3214,0.3142,0.2991,0.2585,17.598,7.9896,3.5848,0.051,0.3809,1,Distracted
0.0652,0.147,0.0651,0.4451,69.3703,15.0895,30.758,0.0921,0.739,3,Absent
0.2379,0.261,0.2382,0.17,47.2155,-2.9605,3.9279,0.0451,0.2885,1,Distracted
0.2651,0.2876,0.3008,0.3231,0.6764,10.5078,9.1438,0.0343,0.0585,0,Attentive
0.2964,0.3126,0.2778,0.2281,8.7791,0.3902,10.6348,0.016,0.0567,0,Attentive
0.0,0.1446,0.0621,0.8366,23.53,50.3793,22.2759,0.007,0.4271,3,Absent
0.0936,0.0701,0.0841,0.6025,12.4533,22.3217,2.9743,0.0198,0.4783,3,Absent
0.3424,0.3134,0.2875,0.2276,4.9084,-6.0339,1.2837,0.031,0.0,0,Attentive
0.3563,0.3285,0.2856,0.2051,6.9354,-6.2416,11.1573,0.0318,0.0359,0,Attentive
0.3496,0.3187,0.306,0.2743,-4.9875,14.3628,11.9569,0.0239,0.0977,0,Attentive
0.307,0.2925,0.33,0.257,-12.7366,-4.8203,1.0708,0.0231,0.0483,0,Attentive
0.2815,0.2319,0.2453,0.2305,35.5575,10.7789,14.2646,0.0377,0.0792,1,Distracted
0.1163,0.0553,0.0934,0.8064,13.5006,21.7273,-1.3597,0.027,0.4831,3,Absent
0.283,0.2859,0.318,0.2421,-2.1333,14.6575,-2.2808,0.0204,0.0696,0,Attentive
0.1672,0.0764,0.0628,0.7872,19.5987,2.5149,15.4836,0.0266,0.0,3,Absent
0.3224,0.2578,0.3163,0.3259,55.7356,5.3065,-2.7152,0.0199,0.3709,1,Distracted
0.1798,0.2267,0.1801,0.504,-2.7728,3.051,5.7699,0.0779,0.1372,2,Drowsy
0.2993,0.3059,0.2964,0.2213,-1.3749,2.7707,-0.7171,0.0129,0.0532,0,Attentive
0.2334,0.3411,0.2728,0.3128,10.567,-3.3041,-3.6639,0.0235,0.0247,0,Attentive
0.0839,0.1351,0.1517,0.621,31.6092,10.4365,2.6062,0.0441,0.2775,3,Absent
0.2099,0.1308,0.1765,0.3814,7.7867,6.2657,1.3238,0.0357,0.1614,2,Drowsy
0.2582,0.313,0.2148,0.2479,29.1805,-6.363,13.9684,0.0028,0.2912,1,Distracted
0.1875,0.2002,0.1935,0.439,4.3893,-3.2345,1.0814,0.041,0.0506,2,Drowsy
0.3717,0.3355,0.3181,0.2556,11.0573,6.626,2.131,0.017,0.0476,0,Attentive
0.3411,0.336,0.2992,0.2456,18.039,6.6453,0.361,0.0057,0.0618,0,Attentive
0.3287,0.3062,0.3077,0.1952,-4.046,15.5911,-1.676,0.0366,0.0427,0,Attentive
0.2901,0.2816,0.2729,0.2087,26.5928,11.7128,-4.7554,0.0068,0.0645,0,Attentive
0.2758,0.2842,0.2669,0.2705,8.333,-6.4495,-0.276,0.0065,0.023,0,Attentive
0.057,0.0629,0.0,0.684,-1.764,29.4458,13.9149,0.0532,0.6901,3,Absent
0.2811,0.3373,0.3307,0.2333,-11.3514,-0.9669,-0.9991,0.0134,0.0291,0,Attentive
0.1794,0.1286,0.1788,0.6616,-0.0748,9.5582,8.5332,0.0456,0.0917,2,Drowsy
0.2269,0.3205,0.2796,0.2588,-6.9986,1.1433,2.1686,0.0227,0.0166,0,Attentive
0.1363,0.1853,0.2343,0.5269,16.2932,3.5079,3.2842,0.0191,0.0526,2,Drowsy
0.3339,0.3598,0.2876,0.1857,31.3105,13.8995,5.4493,0.0051,0.1869,1,Distracted
0.2921,0.2785,0.2192,0.2811,49.5281,4.0036,7.4717,0.047,0.259,1,Distracted
0.0,0.0175,0.0729,0.6924,-4.4374,18.0982,28.8452,0.0521,0.7378,3,Absent
0.3293,0.219,0.2591,0.3292,29.3871,2.0179,11.1112,0.0042,0.3198,1,Distracted
0.0443,0.0922,0.0879,0.6481,26.8711,46.4531,7.8594,0.0513,0.4204,3,Absent
0.3301,0.2751,0.2672,0.2592,45.3005,13.6518,6.7477,0.0459,0.1449,1,Distracted
0.2879,0.3204,0.2712,0.2877,4.5954,6.3113,-1.2279,0.0034,0.0651,0,Attentive
0.3007,0.3096,0.3251,0.328,-12.6128,-6.2081,8.5472,0.0172,0.0298,0,Attentive
0.0564,0.0939,0.0932,0.5408,27.1095,15.9918,6.6002,0.0736,0.3946,3,Absent
0.1155,0.1665,0.236,0.375,20.9163,17.377,6.0075,0.0512,0.0433,2,Drowsy
0.0,0.1179,0.0301,0.6419,22.7546,20.2974,29.0281,0.0484,0.6355,3,Absent
0.1899,0.0858,0.0007,0.7644,15.8255,21.0486,21.6944,0.0,0.5513,3,Absent
0.1164,0.1558,0.1603,0.3301,9.9967,8.0169,2.9265,0.0149,0.0782,2,Drowsy
0.0271,0.0528,0.1581,0.6838,58.276,18.197,11.8942,0.0478,0.5316,3,Absent
0.1307,0.2032,0.2125,0.4062,9.7649,-10.2807,-2.603,0.0658,0.0711,2,Drowsy
0.1736,0.158,0.1754,0.4516,-3.1834,13.0454,2.1479,0.0232,0.0659,2,Drowsy
0.1462,0.1248,0.1719,0.4746,0.2774,3.6822,4.712,0.03,0.0924,2,Drowsy
0.3077,0.309,0.3276,0.2188,36.9267,15.6382,7.6537,0.0127,0.1108,1,Distracted
0.1875,0.2003,0.1939,0.5884,-0.1504,13.8581,9.3871,0.0643,0.0,2,Drowsy
0.1724,0.0934,0.073,0.642,6.6262,8.5162,20.3089,0.0451,0.6155,3,Absent
0.3116,0.2686,0.2388,0.306,48.329,17.5518,11.5069,0.0258,0.3033,1,Distracted
0.3733,0.3318,0.2804,0.332,15.3584,35.2337,1.4587,0.0276,0.1644,1,Distracted
0.1416,0.1135,0.1995,0.6244,-3.9684,17.7776,4.2171,0.0133,0.0347,2,Drowsy
0.2784,0.3664,0.2832,0.2572,27.4345,26.3708,0.3191,0.0447,0.2941,1,Distracted
0.0272,0.1173,0.0823,0.67,31.2612,8.6558,46.047,0.09,0.4437,3,Absent
0.3136,0.3291,0.3156,0.2875,26.6183,9.1872,7.7516,0.0482,0.3834,1,Distracted
0.0626,0.0319,0.0953,0.5029,50.9597,41.0543,13.0299,0.0231,0.4648,3,Absent
0.2932,0.2435,0.2891,0.2426,31.6765,20.2477,10.4536,0.0101,0.2443,1,Distracted
0.2397,0.1699,0.1398,0.4253,-1.7808,11.5266,0.7593,0.0018,0.0712,2,Drowsy
0.138,0.1523,0.2002,0.5438,13.7638,2.0222,6.98,0.0307,0.0558,2,Drowsy
0.1559,0.1602,0.2208,0.5792,-7.1671,16.0499,8.0945,0.0711,0.0954,2,Drowsy
0.1993,0.2343,0.1958,0.4949,16.4614,16.8098,-0.2075,0.0527,0.0534,2,Drowsy
0.0195,0.098,0.1139,0.5352,9.5643,7.9521,24.2715,0.0479,0.4858,3,Absent
0.2482,0.1971,0.2854,0.275,48.6343,13.5906,13.0054,0.0161,0.4638,1,Distracted
0.1748,0.1412,0.1705,0.7597,-8.5549,4.2357,-3.0635,0.0425,0.0319,2,Drowsy
0.3167,0.3284,0.2574,0.3276,25.9345,32.3312,0.8423,0.0505,0.4344,1,Distracted
0.088,0.252,0.1916,0.5159,6.408,12.5901,4.3904,0.0454,0.0843,2,Drowsy
0.3292,0.309,0.2807,0.3449,3.6961,-4.253,6.2837,0.024,0.0618,0,Attentive
0.0623,0.0532,0.1599,0.8312,6.2372,22.0852,18.9441,0.0561,0.9129,3,Absent
0.2591,0.2426,0.3219,0.3679,49.2169,14.9244,6.739,0.0057,0.3254,1,Distracted
0.0888,0.1975,0.1308,0.784,24.4209,25.3928,-14.085,0.0729,0.4341,3,Absent
0.2273,0.1182,0.1982,0.4488,8.5285,4.1321,-0.0897,0.0428,0.146,2,Drowsy
0.2769,0.2616,0.2776,0.1832,13.6933,13.8405,3.6011,0.0322,0.054,0,Attentive
0.2797,0.3293,0.2963,0.2087,0.4289,5.8905,-0.8186,0.0118,0.0573,0,Attentive
0.218,0.143,0.1691,0.6531,5.7967,6.6198,-0.7081,0.0501,0.1212,2,Drowsy
0.2823,0.2643,0.2132,0.3082,58.6681,14.6425,8.6548,0.0414,0.3897,1,Distracted
0.2541,0.3489,0.2907,0.2379,-12.1201,-0.1836,-3.199,0.0139,0.0459,0,Attentive
0.286,0.2456,0.281,0.325,34.3634,6.0911,6.2197,0.0439,0.2393,1,Distracted
0.1522,0.1974,0.1044,0.4012,18.374,11.5159,4.834,0.0797,0.0,2,Drowsy
0.173,0.1509,0.1418,0.5354,11.2217,6.3364,7.8307,0.0,0.1331,2,Drowsy
0.3357,0.2809,0.2911,0.3286,26.3017,10.5405,5.7533,0.0109,0.5818,1,Distracted
0.2921,0.2595,0.2396,0.2272,44.1703,29.7252,13.2946,0.0031,0.4355,1,Distracted
0.1989,0.1559,0.1857,0.491,-0.6945,-1.6311,16.1304,0.0294,0.1049,2,Drowsy
0.2912,0.3436,0.3382,0.2459,-5.0676,-11.6013,-5.3602,0.0063,0.0914,0,Attentive
0.3147,0.2633,0.3356,0.3276,10.0583,-2.3311,0.4699,0.0215,0.0289,0,Attentive
0.1064,0.0737,0.0887,0.719,12.8376,1.4925,18.3129,0.0857,0.6098,3,Absent
0.1555,0.0931,0.1034,0.6335,25.2102,33.9935,3.0444,0.0579,0.6892,3,Absent
0.1692,0.2352,0.099,0.3261,-1.8038,-0.6268,11.5499,0.0652,0.1037,2,Drowsy
0.2451,0.2192,0.2934,0.28,38.6355,8.9545,-3.3658,0.0403,0.5422,1,Distracted
0.365,0.2807,0.3232,0.2529,5.1487,13.6993,4.5392,0.0254,0.0822,0,Attentive
0.1493,0.1583,0.1657,0.5943,3.425,-2.5774,5.2768,0.0565,0.079,2,Drowsy
0.3408,0.3228,0.2564,0.2196,15.5455,13.1346,6.6932,0.0182,0.0525,0,Attentive
0.2427,0.1394,0.2213,0.4622,13.6562,20.661,4.424,0.0337,0.0826,2,Drowsy
0.1736,0.1246,0.1727,0.4402,-5.8596,10.9364,5.3991,0.0489,0.0912,2,Drowsy
0.325,0.2402,0.3094,0.3114,-6.6771,14.708,4.0951,0.0129,0.0483,0,Attentive
0.0794,0.085,0.0859,1.0,8.6399,32.31,21.2788,0.0296,0.7111,3,Absent
0.3169,0.2962,0.2515,0.2101,17.4764,11.8794,8.4348,0.043,0.3382,1,Distracted
0.2537,0.2258,0.2573,0.2602,6.5717,8.0264,10.5461,0.0413,0.3004,1,Distracted
0.3179,0.3128,0.2802,0.1883,49.5124,3.3374,2.2799,0.0762,0.2796,1,Distracted
0.2778,0.3196,0.3357,0.229,9.0519,-10.3984,5.2973,0.012,0.0592,0,Attentive
0.1369,0.1993,0.1566,0.5469,2.2036,-0.4676,2.8109,0.0318,0.1204,2,Drowsy
0.1475,0.0322,0.098,0.5505,38.3852,35.1786,10.7481,0.1163,0.7713,3,Absent
0.3213,0.3129,0.3095,0.2222,1.9595,14.6835,-2.7128,0.0361,0.0403,0,Attentive
0.3211,0.2926,0.2783,0.2951,37.153,-5.1666,2.9044,0.0623,0.2841,1,Distracted
0.2317,0.1307,0.2179,0.4005,-6.275,21.0169,9.5366,0.0442,0.0814,2,Drowsy
0.1867,0.1572,0.1845,0.3794,2.6283,5.3177,-2.3444,0.0,0.0424,2,Drowsy
0.1965,0.1554,0.2097,0.3633,5.2308,3.8234,10.0972,0.0265,0.0659,2,Drowsy
0.1391,0.2207,0.1453,0.3893,11.0985,8.2779,-4.9857,0.0749,0.0588,2,Drowsy
0.3058,0.3081,0.3053,0.2708,38.8259,-0.8517,12.6128,0.0,0.3413,1,Distracted
0.0209,0.074,0.0859,0.7123,21.3888,6.7858,39.1444,0.0749,0.6605,3,Absent
0.1728,0.1997,0.1694,0.3378,3.5741,0.8121,2.6461,0.0669,0.0692,2,Drowsy
0.0829,0.0691,0.058,0.5663,19.8747,16.6171,10.2975,0.011,0.2264,3,Absent
0.2938,0.3025,0.2818,0.3374,11.3205,-2.1784,-4.6731,0.0161,0.063,0,Attentive
0.0,0.0243,0.0819,0.6207,14.109,5.2586,-1.867,0.1102,0.5554,3,Absent
0.2934,0.3021,0.3048,0.3696,-13.7949,7.7826,1.426,0.0257,0.0303,0,Attentive
0.1147,0.1398,0.1246,0.6933,34.7482,46.1249,21.1632,0.0281,0.6666,3,Absent
0.357,0.3307,0.3411,0.2696,12.3401,-2.0678,-1.2217,0.0,0.0856,0,Attentive
0.2816,0.3341,0.2962,0.2419,6.5073,-3.188,2.6625,0.0162,0.0104,0,Attentive
0.1622,0.1605,0.1493,0.3796,4.1107,2.2387,4.3535,0.0324,0.0867,2,Drowsy
0.1194,0.0808,0.0604,0.6361,1.2985,35.3811,5.569,0.0158,0.7136,3,Absent
0.1785,0.1954,0.1593,0.302,6.2277,25.6899,2.0651,0.0714,0.0499,2,Drowsy
0.3206,0.2875,0.2818,0.3268,30.4987,25.6852,0.2717,0.0431,0.4934,1,Distracted
0.177,0.1786,0.144,0.3643,2.4385,10.1702,8.7408,0.0419,0.1341,2,Drowsy
0.0697,0.0906,0.0793,0.8415,24.4179,19.9758,12.1381,0.0753,0.6916,3,Absent
0.0359,0.0536,0.0338,0.719,6.0059,27.1764,0.2002,0.0773,0.2947,3,Absent
0.1745,0.1466,0.2211,0.3482,6.5453,11.3092,-0.7431,0.0415,0.0436,2,Drowsy
0.0662,0.074,0.0,0.5643,25.3523,12.0147,26.6235,0.0032,0.6854,3,Absent
0.3621,0.3323,0.3204,0.2616,37.7557,-3.1828,7.9935,0.0355,0.3523,1,Distracted
0.2107,0.2293,0.1515,0.4191,11.213,-3.3734,-5.8536,0.0445,0.0999,2,Drowsy
0.3156,0.3194,0.3139,0.2545,1.4213,1.9411,1.0255,0.0313,0.0678,0,Attentive
0.2784,0.2862,0.3264,0.2672,-11.1043,5.2686,0.0746,0.0132,0.0684,0,Attentive
0.027,0.1461,0.0465,0.7444,23.3631,20.4628,32.834,0.0,0.5108,3,Absent
0.097,0.2565,0.1472,0.6086,4.3047,12.5189,1.556,0.0442,0.106,2,Drowsy
0.3228,0.3018,0.3097,0.3125,-7.6622,0.5539,-1.8628,0.0238,0.0869,0,Attentive
0.3065,0.2909,0.2945,0.2883,-5.3215,16.6164,-7.1054,0.014,0.0611,0,Attentive
0.2628,0.2118,0.2713,0.2512,28.8082,14.1687,8.9518,0.0346,0.4495,1,Distracted
0.3037,0.3304,0.3452,0.2875,48.1936,6.4834,12.11,0.0512,0.4508,1,Distracted
0.25,0.1935,0.296,0.2137,46.8633,6.1886,8.6223,0.058,0.2291,1,Distracted
0.2387,0.2053,0.1387,0.3828,14.0454,3.4955,9.6107,0.0495,0.0821,2,Drowsy
0.3177,0.2978,0.2588,0.3601,18.7009,9.0783,10.8015,0.0155,0.381,1,Distracted
0.2505,0.2778,0.2772,0.2924,33.4484,8.6637,0.3398,0.0488,0.3577,1,Distracted
0.1499,0.2124,0.1711,0.5099,1.9258,20.5121,0.5026,0.0496,0.0605,2,Drowsy
0.0138,0.1653,0.1169,0.7604,26.6178,28.9865,0.2141,0.0533,0.3642,3,Absent
0.0267,0.033,0.0976,0.8269,19.9622,1.5602,12.4966,0.0191,0.4162,3,Absent
0.0307,0.0293,0.0925,0.7689,22.5815,-3.669,2.4339,0.0707,0.4803,3,Absent
0.3413,0.2968,0.3447,0.3124,47.746,6.7649,5.0857,0.0482,0.5113,1,Distracted
0.2693,0.2939,0.2037,0.2766,14.846,-2.083,3.877,0.0555,0.3871,1,Distracted
0.344,0.3152,0.3109,0.1905,8.4298,-3.504,-3.6701,0.0165,0.0324,0,Attentive
0.1917,0.2695,0.3212,0.2126,43.4025,0.4985,5.6364,0.0442,0.2841,1,Distracted
0.2476,0.3148,0.3096,0.2295,11.0474,-4.8925,7.6395,0.0215,0.0399,0,Attentive
0.1535,0.183,0.1581,0.377,0.7326,2.3145,7.4181,0.0253,0.0439,2,Drowsy
0.2999,0.3327,0.3591,0.1781,1.1979,-13.649,2.9633,0.0237,0.0488,0,Attentive
0.3539,0.3212,0.2939,0.1987,12.84,-3.7529,10.1423,0.0172,0.0977,0,Attentive
0.2596,0.2742,0.3344,0.301,0.0949,8.9808,3.7061,0.035,0.0522,0,Attentive
0.0594,0.0139,0.101,0.8083,66.1728,25.7967,14.3894,0.0224,0.1742,3,Absent
0.3041,0.2309,0.291,0.3852,1.1547,10.7225,9.2097,0.0222,0.0247,0,Attentive
0.2618,0.3063,0.3266,0.2312,13.8089,12.0492,10.3187,0.0231,0.0676,0,Attentive
0.0536,0.037,0.1189,0.5246,25.2734,24.6253,4.7784,0.0547,0.363,3,Absent
0.0758,0.0785,0.0787,0.8057,0.055,46.6377,0.8834,0.0304,0.6989,3,Absent
0.2189,0.1498,0.1928,0.3993,2.4882,9.2855,3.9666,0.0547,0.0995,2,Drowsy
0.1545,0.1913,0.202,0.4373,6.2981,7.6967,4.4926,0.036,0.0807,2,Drowsy
0.1168,0.0396,0.1253,0.7418,32.4351,53.7399,39.5275,0.0707,0.663,3,Absent
0.1092,0.0208,0.1955,0.7762,29.3065,2.5353,26.3728,0.035,0.5111,3,Absent
0.2312,0.238,0.176,0.4049,22.0768,13.7693,5.2816,0.0673,0.0921,2,Drowsy
0.184,0.2006,0.2238,0.4044,-8.8943,9.2557,1.7128,0.014,0.0919,2,Drowsy
0.0869,0.1158,0.0901,0.6954,22.452,3.5863,43.4165,0.0349,0.6368,3,Absent
0.2999,0.2949,0.2887,0.2848,10.6424,3.6188,9.3877,0.0086,0.0442,0,Attentive
0.0,0.0,0.0373,0.576,31.5966,21.0111,16.1225,0.0196,0.444,3,Absent
0.2962,0.2465,0.2562,0.3209,47.5008,15.5168,16.3813,0.0627,0.3941,1,Distracted
0.0,0.15,0.0873,0.6535,39.6991,33.0736,5.8578,0.0365,0.3274,3,Absent
0.1033,0.0927,0.1387,0.5317,-1.0784,11.6877,12.2314,0.018,0.0991,2,Drowsy
0.2882,0.3054,0.3307,0.2802,-3.8043,20.3963,3.3239,0.0328,0.0454,0,Attentive
0.0651,0.0189,0.1682,0.5236,35.8308,8.4603,16.6299,0.0229,0.3021,3,Absent
0.0442,0.1296,0.0921,0.5814,35.3042,20.1191,15.258,0.0061,0.5358,3,Absent
0.3032,0.2987,0.3256,0.2401,17.8266,9.2997,2.915,0.0132,0.342,1,Distracted
0.236,0.1982,0.1519,0.7253,4.6286,3.3822,11.0605,0.0306,0.1465,2,Drowsy
0.1234,0.0782,0.0577,0.7959,23.2688,11.3412,20.7473,0.0791,0.3485,3,Absent
0.1817,0.2685,0.2197,0.3883,-0.9519,15.6524,-1.0552,0.0618,0.0934,2,Drowsy
0.3393,0.3082,0.3083,0.2976,16.9621,-0.4467,7.7293,0.0298,0.394,1,Distracted
0.1563,0.1191,0.1986,0.3953,18.3183,10.3695,4.8013,0.0326,0.1436,2,Drowsy
0.0252,0.0479,0.0857,0.4575,5.1967,28.5345,-1.9581,0.1033,0.7909,3,Absent
0.1825,0.174,0.0902,0.406,18.3155,8.1032,2.4636,0.0403,0.0942,2,Drowsy
0.1587,0.214,0.2011,0.4459,-5.1008,2.5397,1.4162,0.0455,0.1481,2,Drowsy
0.3007,0.3663,0.2667,0.2574,28.2669,5.1059,-11.4718,0.0381,0.2654,1,Distracted
0.2485,0.2983,0.2672,0.2262,41.8814,24.9167,9.349,0.0485,0.2979,1,Distracted
0.3149,0.3004,0.2734,0.3635,32.4531,10.3277,5.1273,0.0113,0.3578,1,Distracted
0.2649,0.3343,0.3188,0.2896,-4.2751,12.8196,-5.0093,0.0259,0.1157,0,Attentive
0.1321,0.1536,0.0822,0.4993,28.2872,-5.4553,10.9658,0.0557,1.0,3,Absent
0.2479,0.2431,0.3355,0.3374,58.323,10.5545,6.7275,0.0247,0.3213,1,Distracted
0.2318,0.289,0.302,0.2621,43.1515,2.8986,-7.6882,0.0215,0.3563,1,Distracted
0.3223,0.2375,0.2752,0.2976,51.2414,9.8944,10.6169,0.044,0.3623,1,Distracted
0.072,0.0929,0.0754,0.9941,26.8193,22.2071,20.1551,0.0368,0.7359,3,Absent
0.0801,0.0777,0.0716,0.7121,27.9769,-3.5764,13.4213,0.0048,0.6771,3,Absent
0.1563,0.1322,0.2019,0.4226,5.37,5.7483,3.9697,0.031,0.0413,2,Drowsy
0.2905,0.222,0.2462,0.2313,27.0399,-3.7515,6.2209,0.0018,0.3857,1,Distracted
0.1085,0.1178,0.1194,0.4804,24.5867,45.7411,13.8106,0.0645,0.7061,3,Absent
0.3216,0.2931,0.3363,0.1831,8.5433,-1.241,10.5969,0.0399,0.027,0,Attentive
0.2466,0.2524,0.2841,0.2318,34.5424,7.8947,4.0451,0.0157,0.2861,1,Distracted
0.065,0.1509,0.2051,0.5442,9.1383,9.2671,10.5194,0.0334,0.1234,2,Drowsy
0.1862,0.1916,0.22,0.3761,2.2402,21.0768,3.0159,0.0147,0.0532,2,Drowsy
0.3332,0.2964,0.2457,0.2924,-1.2826,2.3663,3.6599,0.0219,0.0713,0,Attentive
0.217,0.2259,0.2087,0.5446,-1.5047,6.4112,-0.9496,0.0358,0.1074,2,Drowsy
0.1752,0.1737,0.2128,0.4963,4.5815,7.7128,5.7264,0.0306,0.1129,2,Drowsy
0.3283,0.261,0.2519,0.3966,29.5835,11.5353,7.7079,0.0073,0.4735,1,Distracted
0.3133,0.3313,0.2827,0.2015,30.8588,10.4406,-6.0146,0.0578,0.3642,1,Distracted
0.215,0.2833,0.2655,0.3701,51.9363,17.8535,3.0403,0.0697,0.1947,1,Distracted
0.1919,0.2003,0.1822,0.4439,15.5406,20.5031,3.2917,0.0448,0.0833,2,Drowsy
0.2926,0.2747,0.3543,0.2412,3.9856,6.8604,2.218,0.037,0.0313,0,Attentive
0.3315,0.2839,0.3329,0.2599,19.6021,-1.8243,10.6798,0.022,0.0305,0,Attentive
0.0846,0.0176,0.0678,0.7016,31.0101,13.8476,47.8067,0.0448,0.2143,3,Absent
0.1671,0.1988,0.1829,0.4895,3.8599,-4.833,4.1568,0.0413,0.0897,2,Drowsy
0.274,0.3167,0.3187,0.2201,-8.9643,2.9139,1.1358,0.0156,0.0633,0,Attentive
0.0926,0.0371,0.0926,0.7985,13.9856,22.2885,17.4805,0.0415,0.6854,3,Absent
0.3009,0.3155,0.2755,0.1798,3.8577,0.7681,5.1322,0.0192,0.0562,0,Attentive
0.1267,0.162,0.0368,0.8198,7.2374,25.0418,-0.2574,0.0463,0.5278,3,Absent
0.2,0.149,0.1452,0.4807,4.3536,14.6569,6.7348,0.0347,0.0582,2,Drowsy
0.1235,0.0,0.0774,0.5041,8.4518,-17.5755,31.7128,0.0393,0.3886,3,Absent
0.2457,0.1817,0.1347,0.3483,11.9332,12.8084,10.9339,0.0263,0.0919,2,Drowsy
0.0949,0.0385,0.0972,0.5569,22.3973,14.324,36.023,0.0785,0.8195,3,Absent
0.1646,0.1867,0.19,0.4822,-5.3905,-5.4067,1.0565,0.0479,0.0509,2,Drowsy
0.0757,0.1565,0.0981,0.4294,21.9725,24.455,27.9643,0.1046,0.7315,3,Absent
0.1906,0.1314,0.0838,0.7339,20.2713,-7.54,7.1445,0.0215,0.4146,3,Absent
0.265,0.2904,0.3077,0.2457,27.3067,26.5887,10.9076,0.0458,0.4287,1,Distracted
0.1912,0.1567,0.2183,0.5633,12.8425,8.356,0.419,0.0438,0.1177,2,Drowsy
0.0776,0.1124,0.1298,0.6186,53.9851,17.2414,24.9465,0.1079,0.5779,3,Absent
0.0197,0.109,0.0878,0.7205,13.5651,31.8579,10.0392,0.0835,0.6189,3,Absent
0.18,0.1192,0.1781,0.3926,4.0743,13.8074,11.463,0.0582,0.0511,2,Drowsy
0.1303,0.1832,0.2263,0.2701,10.6127,18.9984,1.1972,0.0739,0.0524,2,Drowsy
0.3411,0.3209,0.3071,0.2006,-3.7748,11.7473,5.8967,0.0196,0.0375,0,Attentive
0.0386,0.0802,0.1008,0.6871,29.1649,8.5913,33.9826,0.0397,0.5262,3,Absent
0.1942,0.202,0.1857,0.477,15.189,5.9932,-3.2847,0.0574,0.0999,2,Drowsy
0.2789,0.299,0.3443,0.2187,17.4996,7.9543,-0.8123,0.0263,0.0792,0,Attentive
0.2144,0.1537,0.1876,0.4617,9.9702,15.2063,7.4702,0.0,0.1278,2,Drowsy
0.0622,0.1335,0.0733,0.6827,39.5618,33.3849,9.7193,0.0461,0.731,3,Absent
0.3524,0.3286,0.2837,0.2601,16.6569,13.1054,-1.6913,0.0141,0.2309,1,Distracted
0.2279,0.1683,0.1712,0.3795,4.7135,9.6202,8.0324,0.056,0.0,2,Drowsy
0.1055,0.152,0.1477,0.4334,1.034,9.4315,3.6527,0.0672,0.097,2,Drowsy
0.0518,0.105,0.1141,0.6568,64.8425,-3.4561,16.9555,0.0148,0.726,3,Absent
0.2765,0.2801,0.2616,0.223,28.367,2.2785,8.9202,0.0086,0.4833,1,Distracted
0.0725,0.0845,0.0643,0.5834,-13.3068,11.5192,23.5827,0.0755,0.4558,3,Absent
0.0857,0.0522,0.0452,0.7412,26.6711,11.9116,21.0753,0.0364,0.5626,3,Absent
0.061,0.1103,0.051,0.5548,-12.7753,25.0363,18.145,0.0733,0.593,3,Absent
0.1483,0.1825,0.1206,0.2561,8.7707,-6.2802,2.8589,0.0602,0.1099,2,Drowsy
0.2669,0.3204,0.3102,0.2346,-3.7087,-3.2068,4.6741,0.0323,0.0309,0,Attentive
0.2565,0.2831,0.2864,0.3172,35.1726,11.9021,3.5396,0.0323,0.4798,1,Distracted
0.0242,0.0809,0.0852,0.7412,0.7654,-10.6062,17.1152,0.0606,0.5141,3,Absent
0.2927,0.3289,0.3297,0.1886,7.7792,7.9082,0.5122,0.0338,0.0455,0,Attentive
0.2133,0.1724,0.1702,0.5999,11.4627,8.5789,-4.146,0.0469,0.1079,2,Drowsy
0.3122,0.319,0.2803,0.1951,46.7345,7.2963,-3.3387,0.057,0.5599,1,Distracted
0.287,0.3723,0.254,0.2609,34.3796,3.1265,11.5894,0.0,0.2969,1,Distracted
0.3643,0.319,0.2494,0.2593,-2.2943,8.967,-1.9626,0.0189,0.0651,0,Attentive
0.2604,0.3231,0.3,0.1728,6.9431,8.8352,-1.0056,0.0317,0.0,0,Attentive
0.2642,0.2649,0.2095,0.3156,38.1423,8.0592,12.6709,0.0023,0.2903,1,Distracted
0.3366,0.2737,0.3428,0.1626,6.4782,6.328,-1.9778,0.0242,0.0884,0,Attentive
0.1228,0.1524,0.0925,0.6547,27.631,36.0524,12.0346,0.0911,0.6232,3,Absent
0.1257,0.1278,0.0174,0.6877,7.9624,-1.0921,10.0336,0.0229,0.7342,3,Absent
0.1825,0.0316,0.0871,0.6309,36.1496,21.7235,16.8413,0.0,0.3833,3,Absent
0.3113,0.2435,0.2793,0.2651,29.8602,9.8953,-1.805,0.0506,0.1706,1,Distracted
0.1106,0.2348,0.1531,0.6153,12.9082,2.8295,-1.3598,0.0361,0.0758,2,Drowsy
0.3045,0.3255,0.2303,0.3851,4.8925,2.3123,2.2458,0.0416,0.3719,1,Distracted
0.1833,0.1407,0.2648,0.5863,5.5129,20.655,10.0605,0.0416,0.093,2,Drowsy
0.2475,0.2492,0.2912,0.2011,46.9384,4.6616,4.1022,0.0033,0.3488,1,Distracted
0.0,0.1556,0.0884,0.5676,23.9916,7.4678,-17.0527,0.1387,0.5879,3,Absent
0.3263,0.329,0.3132,0.3114,36.1129,5.0297,-0.7189,0.0373,0.2326,1,Distracted
0.305,0.3513,0.2998,0.3183,45.4407,27.0971,12.2594,0.0388,0.4404,1,Distracted
0.0709,0.1391,0.0886,0.7383,41.4207,18.0242,14.9901,0.0028,0.7979,3,Absent
0.0336,0.1576,0.0229,0.9237,9.7155,43.7122,11.3332,0.074,0.829,3,Absent
0.2529,0.3407,0.2847,0.2752,-9.5043,-5.2562,9.1754,0.0165,0.0936,0,Attentive
0.2507,0.2184,0.1148,0.3735,5.9397,10.59,-3.4525,0.0632,0.113,2,Drowsy
0.0666,0.1079,0.0733,0.8457,21.5635,21.7462,13.3216,0.0559,0.7899,3,Absent
0.2333,0.2744,0.3506,0.2867,31.0721,14.9174,9.5804,0.0209,0.4003,1,Distracted
0.2116,0.3215,0.3021,0.2054,7.7711,0.2293,3.544,0.0816,0.4043,1,Distracted
0.2829,0.2761,0.301,0.2717,-0.1519,6.7644,3.5319,0.01,0.0656,0,Attentive
0.1047,0.0375,0.0647,0.7401,11.0752,34.6325,30.6597,0.0843,0.946,3,Absent
0.2761,0.3445,0.2555,0.2836,52.0381,12.7051,-4.6396,0.0401,0.2337,1,Distracted
0.2661,0.3142,0.2768,0.2778,-4.3495,0.0784,0.5246,0.0298,0.0776,0,Attentive
0.2347,0.216,0.2368,0.6154,-0.278,6.4921,1.9436,0.0266,0.0063,2,Drowsy
0.1774,0.1573,0.1699,0.7165,18.9954,9.0031,0.9592,0.0423,0.0898,2,Drowsy
0.1943,0.0871,0.1791,0.39,12.1303,22.0425,2.3447,0.0678,0.0674,2,Drowsy
0.325,0.2811,0.3216,0.1146,-2.7599,-3.4684,-4.2675,0.0179,0.0616,0,Attentive
0.0729,0.1224,0.0895,0.7446,37.001,26.4268,21.0206,0.0197,0.4399,3,Absent
0.2669,0.3054,0.3348,0.2959,-9.564,-3.9274,6.7039,0.0102,0.0433,0,Attentive
0.2933,0.332,0.3034,0.2372,49.141,7.0048,-2.4142,0.0266,0.4938,1,Distracted
0.1862,0.1903,0.2048,0.5854,3.2388,24.8079,-4.7964,0.0484,0.0481,2,Drowsy
0.1984,0.259,0.1774,0.5612,17.3708,16.2175,3.916,0.0528,0.0285,2,Drowsy
0.3206,0.2958,0.3292,0.2765,-14.4257,-0.7063,-0.8092,0.0248,0.0,0,Attentive
0.0,0.1419,0.0458,0.8608,30.1627,31.8539,27.5457,0.0534,0.5748,3,Absent
0.0009,0.0133,0.0547,0.6819,9.2815,11.2184,12.8293,0.0427,0.8475,3,Absent
0.3157,0.3126,0.335,0.2825,-9.0246,10.3636,-2.9903,0.0162,0.0575,0,Attentive
0.1652,0.169,0.2294,0.5008,17.3016,18.0724,-0.4358,0.0598,0.141,2,Drowsy
0.1223,0.2114,0.1601,0.5143,7.1189,11.8264,4.168,0.0477,0.0752,2,Drowsy
0.2952,0.3337,0.2893,0.2411,45.6033,-3.662,-1.4885,0.0367,0.4016,1,Distracted
0.1854,0.2325,0.1401,0.5,-5.9864,8.7534,7.7017,0.0357,0.102,2,Drowsy
0.0642,0.0992,0.0397,0.544,27.8817,40.1305,14.7262,0.0651,0.7016,3,Absent
0.2088,0.2015,0.2159,0.3595,11.4626,2.4348,-0.7047,0.0506,0.1286,2,Drowsy
0.1641,0.2634,0.0999,0.5284,9.7024,12.3327,4.8811,0.051,0.1147,2,Drowsy
0.3148,0.2983,0.3269,0.2605,4.6763,-4.6414,3.1692,0.0304,0.0249,0,Attentive
0.1835,0.2097,0.2335,0.5618,12.961,9.5414,7.9697,0.0443,0.0316,2,Drowsy
0.0901,0.0609,0.0379,0.6685,41.734,26.6579,5.1901,0.0744,0.483,3,Absent
0.0925,0.1213,0.1555,0.5088,40.4824,15.0445,26.2242,0.0488,0.9754,3,Absent
0.238,0.2106,0.2031,0.2891,1.7187,-0.515,3.085,0.0261,0.0649,2,Drowsy
0.2216,0.2615,0.2959,0.2655,27.9229,23.0018,-8.8291,0.0547,0.2956,1,Distracted
0.2602,0.2678,0.269,0.3171,58.8281,11.2353,3.6996,0.0248,0.3624,1,Distracted
0.0882,0.0562,0.0308,0.5889,24.8502,26.537,-0.2215,0.0219,0.6949,3,Absent
0.2835,0.3258,0.2903,0.2477,3.2031,-10.4377,1.9308,0.0131,0.0352,0,Attentive
0.3084,0.2662,0.3611,0.2565,3.8752,8.0804,4.405,0.0222,0.0263,0,Attentive
0.3073,0.2848,0.2882,0.2616,-8.5847,-6.8522,-1.5922,0.0179,0.0593,0,Attentive
0.1753,0.1797,0.0931,0.6425,6.2881,1.2078,11.3269,0.0041,0.0308,2,Drowsy
0.0819,0.0366,0.0948,0.7204,9.5981,6.1697,46.5155,0.0472,0.4133,3,Absent
0.1514,0.1851,0.2064,0.3164,18.7813,10.4694,6.3323,0.0381,0.0808,2,Drowsy
0.3052,0.2446,0.253,0.1587,37.0393,8.391,-2.1303,0.0339,0.4527,1,Distracted
0.2353,0.3195,0.2961,0.3351,31.2752,3.4316,-1.4699,0.0372,0.246,1,Distracted
0.2698,0.2439,0.2912,0.2509,16.4115,5.2885,0.9045,0.0283,0.0,0,Attentive
0.1076,0.1624,0.1889,0.4929,2.3655,13.4151,3.4534,0.0403,0.0901,2,Drowsy
0.1765,0.1718,0.136,0.4282,-2.4304,12.6879,10.5314,0.0155,0.1485,2,Drowsy
0.2495,0.268,0.3352,0.2771,26.2787,1.2238,6.9963,0.0033,0.3253,1,Distracted
0.1977,0.2489,0.0746,0.5189,2.7251,1.2016,8.0056,0.0742,0.111,2,Drowsy
0.3192,0.2981,0.2637,0.2538,11.3909,2.7955,5.8756,0.0095,0.0492,0,Attentive
0.357,0.2982,0.2823,0.1743,-11.4251,-8.089,3.3356,0.0251,0.0026,0,Attentive
0.207,0.2087,0.1361,0.3034,3.9989,22.3343,12.4987,0.0513,0.0508,2,Drowsy
0.3287,0.2968,0.3308,0.2496,-0.103,12.1425,-0.4578,0.0059,0.0345,0,Attentive
0.2723,0.3098,0.3025,0.2638,37.6126,1.7535,9.221,0.0284,0.3224,1,Distracted
0.2726,0.2301,0.3075,0.2409,33.7997,24.8018,8.0526,0.0,0.173,1,Distracted
0.1725,0.2198,0.1819,0.3707,-6.5473,14.9251,6.9976,0.0612,0.0413,2,Drowsy
0.1673,0.1694,0.131,0.4015,7.4222,5.7706,-3.7231,0.0975,0.0906,2,Drowsy
0.0983,0.1588,0.1781,0.3672,-1.5325,10.1727,9.0465,0.0208,0.057,2,Drowsy
0.3227,0.2765,0.304,0.2154,51.5357,31.4871,8.1273,0.0,0.2942,1,Distracted
0.2825,0.2696,0.2838,0.1888,3.2727,-2.3898,3.1689,0.0044,0.0599,0,Attentive
0.0653,0.0466,0.0893,0.6502,38.0631,-19.4278,3.9755,0.0668,0.5601,3,Absent
0.045,0.038,0.1358,0.9153,36.8663,3.6218,36.1622,0.0032,0.4891,3,Absent
0.1104,0.0026,0.1012,0.7127,27.6127,17.8718,3.7192,0.0904,0.5297,3,Absent
0.3044,0.2796,0.3154,0.2755,9.4936,5.3234,16.677,0.0097,0.0,0,Attentive
0.3047,0.3246,0.2951,0.2649,16.3381,-11.8679,4.0681,0.0414,0.0585,0,Attentive
0.142,0.0793,0.0001,0.7376,34.5718,13.1513,10.5449,0.0452,0.165,3,Absent
0.2395,0.2026,0.2608,0.3598,33.553,-3.4012,2.0859,0.0002,0.2375,1,Distracted
0.2761,0.3124,0.3385,0.2951,42.8609,13.2889,11.1052,0.0207,0.4575,1,Distracted
0.2489,0.2369,0.1462,0.563,7.1303,2.7632,2.9404,0.0258,0.0815,2,Drowsy
0.2198,0.2633,0.218,0.2378,42.7045,15.0539,5.3055,0.0334,0.1614,1,Distracted
0.0509,0.119,0.057,0.6475,44.8224,38.3086,18.6215,0.0411,0.5253,3,Absent
0.2824,0.2842,0.2577,0.2765,48.5335,11.1397,0.2392,0.0115,0.305,1,Distracted
0.2157,0.2095,0.1695,0.5889,1.1556,20.0764,6.1706,0.0397,0.0445,2,Drowsy
0.2119,0.1873,0.1273,0.4238,1.3197,-1.0646,-3.4308,0.0499,0.093,2,Drowsy
0.0546,0.1581,0.0737,0.679,24.9198,43.8137,8.093,0.0433,0.5288,3,Absent
0.1213,0.1009,0.0499,0.8641,24.4317,50.209,17.2458,0.0426,0.8268,3,Absent
0.245,0.2685,0.3374,0.3429,2.1726,-5.6734,12.4792,0.0359,0.0704,0,Attentive
0.1477,0.2104,0.1801,0.4852,4.0572,13.133,-8.8379,0.0116,0.0967,2,Drowsy
0.3166,0.3067,0.3341,0.2563,-0.4352,3.8561,4.7165,0.0205,0.0512,0,Attentive
0.2305,0.2377,0.1674,0.4,2.7492,8.3086,11.1551,0.0633,0.1015,2,Drowsy
0.2977,0.3592,0.2654,0.2753,14.9129,18.9001,-0.022,0.0249,0.0671,0,Attentive
0.1948,0.2109,0.1652,0.3241,3.6671,17.8249,9.6297,0.0314,0.0287,2,Drowsy
0.2888,0.285,0.2958,0.3318,1.5336,2.8614,-0.4116,0.031,0.1088,0,Attentive
0.3374,0.2981,0.3238,0.2317,-10.631,-3.4713,9.8144,0.0173,0.0427,0,Attentive
0.2583,0.1996,0.1105,0.5333,-8.7361,11.616,-4.5687,0.0307,0.0654,2,Drowsy
0.0959,0.0779,0.1096,0.6277,11.8298,36.5795,8.6335,0.0767,0.7712,3,Absent
0.0209,0.1517,0.1143,0.8217,40.6456,28.8848,1.2926,0.1053,0.3645,3,Absent
0.0688,0.0927,0.0908,0.5645,31.2484,-14.791,9.595,0.0546,0.481,3,Absent
0.2599,0.3013,0.2291,0.2686,38.4965,13.2708,5.9279,0.0399,0.2369,1,Distracted
0.2694,0.3213,0.3061,0.2218,-7.2424,9.1072,5.251,0.019,0.1054,0,Attentive
0.1239,0.0843,0.0839,0.5453,40.5957,35.6682,10.0733,0.0463,0.8328,3,Absent
0.0787,0.2026,0.1714,0.4387,14.767,8.7065,1.8463,0.0514,0.1224,2,Drowsy
0.2148,0.1592,0.1866,0.2992,-1.9355,14.0487,16.9364,0.0005,0.072,2,Drowsy
0.0114,0.1483,0.0677,0.5566,39.427,19.2342,37.7902,0.0244,0.2037,3,Absent
0.1594,0.2335,0.1718,0.3303,9.7046,13.5243,0.8341,0.0295,0.0626,2,Drowsy
0.2155,0.1619,0.1531,0.2356,4.8191,2.9611,4.4822,0.0,0.0868,2,Drowsy
0.2513,0.3567,0.2959,0.2849,-3.6887,5.1561,-4.5142,0.0245,0.0393,0,Attentive
0.3042,0.2469,0.3081,0.2426,-0.7283,-8.1629,4.568,0.0147,0.0149,0,Attentive
0.1979,0.2944,0.2825,0.3133,32.2817,5.6957,17.0508,0.0006,0.4234,1,Distracted
0.3059,0.2818,0.2899,0.2157,-8.4614,4.0209,4.9265,0.0251,0.0746,0,Attentive
0.3185,0.3178,0.2923,0.2663,-7.0089,9.4682,1.0755,0.0148,0.0815,0,Attentive
0.1804,0.2257,0.2163,0.5351,1.4622,18.8087,8.567,0.0442,0.0896,2,Drowsy
0.1505,0.152,0.197,0.3598,-2.1456,-2.9823,1.4803,0.0662,0.0462,2,Drowsy
0.1977,0.1935,0.1868,0.4556,9.3181,-9.9146,11.7217,0.0,0.0368,2,Drowsy
0.1226,0.1105,0.0113,0.6707,17.2098,17.5451,-3.761,0.0174,0.5364,3,Absent
0.2537,0.2276,0.219,0.3445,30.9043,7.4629,4.0448,0.0503,0.332,1,Distracted
0.282,0.3042,0.3018,0.2984,10.7374,6.4578,0.1883,0.0274,0.0472,0,Attentive
0.0352,0.0436,0.0042,0.7853,21.9819,2.9672,32.4681,0.029,0.6001,3,Absent
0.2842,0.3053,0.31,0.2566,2.3805,-5.3671,9.2546,0.0381,0.0,0,Attentive
0.2588,0.3483,0.3207,0.3045,-0.7035,1.9504,-5.1658,0.0148,0.0648,0,Attentive
0.3058,0.2619,0.3072,0.2084,-2.1063,-2.7076,-3.3312,0.0412,0.0899,0,Attentive
0.2813,0.3339,0.3071,0.2796,37.6003,12.9567,7.4198,0.0,0.3198,1,Distracted
0.3112,0.2169,0.2502,0.1817,31.8848,22.1143,1.9673,0.0198,0.4372,1,Distracted
0.1653,0.2249,0.203,0.4498,0.6664,4.8819,4.5439,0.0186,0.0661,2,Drowsy
0.0628,0.14,0.0347,0.7792,36.7035,17.7298,28.6702,0.0366,0.297,3,Absent
0.3164,0.3165,0.2936,0.2437,5.623,3.6013,-9.0965,0.0177,0.0245,0,Attentive
0.3322,0.2736,0.3087,0.2437,9.7751,2.1934,0.0753,0.0254,0.0763,0,Attentive
0.1874,0.2567,0.212,0.5942,6.3089,0.1845,4.6405,0.0518,0.1082,2,Drowsy
0.3122,0.3587,0.2559,0.388,28.4078,1.4803,6.7772,0.0443,0.4412,1,Distracted
0.1153,0.198,0.2266,0.6388,6.6498,12.0544,-6.6659,0.082,0.057,2,Drowsy
0.144,0.0719,0.0727,0.66,40.1277,6.5792,32.4102,0.0626,0.5557,3,Absent
0.1487,0.0925,0.0615,0.4913,-2.1486,26.214,1.7109,0.0531,0.9586,3,Absent
0.2955,0.2289,0.3205,0.3562,20.0582,23.5762,4.1385,0.0384,0.3003,1,Distracted
0.1216,0.1517,0.1826,0.3499,16.8032,19.2825,1.3323,0.0757,0.0798,2,Drowsy
0.0431,0.0151,0.1125,0.6013,14.3026,10.5959,9.3262,0.0921,0.8825,3,Absent
0.3045,0.3109,0.3002,0.1457,4.2839,18.4877,0.1998,0.0127,0.0612,0,Attentive
0.2152,0.1872,0.225,0.3838,-5.1246,10.465,3.6141,0.0509,0.0789,2,Drowsy
0.2187,0.1221,0.161,0.6313,-3.5169,6.1077,-2.0792,0.013,0.1419,2,Drowsy
0.1015,0.0621,0.0748,0.6007,32.9629,23.4355,17.7711,0.0548,0.6645,3,Absent
0.3179,0.2833,0.2897,0.2037,2.7485,-2.939,4.8656,0.0021,0.0392,0,Attentive
0.2981,0.3073,0.2926,0.3178,1.3972,4.6229,7.7302,0.0122,0.0968,0,Attentive
0.2988,0.2579,0.2966,0.276,16.3869,-1.1262,-5.9121,0.0282,0.0086,0,Attentive
0.125,0.0493,0.012,0.3042,4.2492,40.6386,30.0929,0.0284,0.4751,3,Absent
0.2583,0.2521,0.2774,0.3006,17.7638,15.5013,0.1982,0.0296,0.3465,1,Distracted
0.2781,0.3567,0.3012,0.2884,-1.8658,5.5418,3.5555,0.0011,0.1105,0,Attentive
0.1456,0.2194,0.2264,0.4659,-2.7339,4.4577,0.8475,0.0205,0.0759,2,Drowsy
0.1425,0.1943,0.1486,0.4771,-1.8885,-8.987,5.5331,0.043,0.1007,2,Drowsy
0.3875,0.2945,0.2717,0.2637,-13.5971,2.3563,2.0801,0.0279,0.0792,0,Attentive
0.2567,0.2015,0.2599,0.2217,40.5928,19.0929,10.6314,0.0451,0.3366,1,Distracted
0.2768,0.3007,0.3124,0.3226,10.6742,18.0723,-1.8367,0.0287,0.0555,0,Attentive
0.2178,0.1389,0.1824,0.2677,-4.7035,11.0571,-0.9535,0.0291,0.0997,2,Drowsy
0.1931,0.1891,0.1418,0.6113,11.1483,18.8716,1.3583,0.0483,0.0879,2,Drowsy
0.1197,0.1898,0.1479,0.301,-6.111,10.611,10.8052,0.0408,0.0885,2,Drowsy
0.1149,0.062,0.0861,0.6512,19.7741,9.9195,0.0896,0.0399,0.4716,3,Absent
0.2275,0.2338,0.1681,0.4792,7.5651,12.97,-0.3907,0.0764,0.1171,2,Drowsy
0.1505,0.0942,0.0444,0.7613,22.124,16.4924,9.2853,0.0802,0.8707,3,Absent
0.0233,0.0192,0.0492,0.8526,31.8447,12.0982,27.9945,0.0454,0.8209,3,Absent
0.0551,0.0837,0.021,0.5991,21.5809,37.9199,11.2489,0.0126,0.5081,3,Absent
0.3023,0.312,0.305,0.1985,3.3686,-4.5158,2.4054,0.0152,0.1262,0,Attentive
0.1478,0.1119,0.0323,0.6756,30.8131,-8.1135,14.4764,0.0399,0.4191,3,Absent
0.0088,0.1991,0.0256,0.8481,16.9004,12.1276,21.8014,0.0901,0.3208,3,Absent
0.0904,0.0649,0.0475,0.5356,35.1767,23.1294,37.1592,0.0792,0.4038,3,Absent
0.26,0.2051,0.2642,0.3044,47.1847,-1.7183,11.1624,0.017,0.3862,1,Distracted
0.3412,0.2959,0.3238,0.3306,13.5193,14.4798,5.7106,0.0208,0.0019,0,Attentive
0.2091,0.0918,0.1543,0.3774,13.497,-0.9108,5.1333,0.0374,0.1217,2,Drowsy
0.2978,0.2785,0.3271,0.3024,17.2559,-12.2968,0.6832,0.0175,0.4443,1,Distracted
0.1128,0.2099,0.2068,0.5284,4.231,0.961,-0.0017,0.0706,0.1374,2,Drowsy
0.321,0.3126,0.3123,0.2237,-14.2267,10.6801,-0.3942,0.0114,0.0708,0,Attentive
0.2546,0.2866,0.3214,0.2607,-6.9659,4.2123,3.9266,0.0112,0.0546,0,Attentive
0.2756,0.3247,0.3056,0.2509,-4.8029,12.1246,5.3235,0.0145,0.0801,0,Attentive
0.277,0.2832,0.3684,0.3023,10.5692,4.572,-6.5942,0.0234,0.1513,1,Distracted
0.2918,0.2865,0.3312,0.3383,19.4569,-1.8755,8.4735,0.0287,0.3045,1,Distracted
0.0382,0.0907,0.0237,0.8554,-16.252,14.6787,3.8195,0.0702,0.9348,3,Absent
0.1985,0.1913,0.1949,0.3815,-4.0456,8.3012,9.8061,0.0722,0.1118,2,Drowsy
0.0113,0.0845,0.0555,0.6171,55.7296,1.6585,18.6056,0.0237,0.4885,3,Absent
0.2951,0.2992,0.2989,0.3168,34.0054,6.7925,6.0009,0.0531,0.4626,1,Distracted
0.3026,0.2715,0.299,0.2597,35.0268,7.2536,2.2567,0.0162,0.3968,1,Distracted
0.0067,0.087,0.0455,0.5906,17.7034,35.6599,26.1455,0.0484,0.8031,3,Absent
0.0679,0.1558,0.0728,0.4714,9.0666,10.5396,40.6837,0.1,0.6962,3,Absent
0.1928,0.1072,0.172,0.6817,-4.6889,18.284,4.2733,0.0279,0.0272,2,Drowsy
0.2975,0.3008,0.2642,0.4052,19.4608,24.5889,12.2904,0.068,0.1912,1,Distracted
0.2789,0.2577,0.2611,0.2803,-7.2434,15.2836,-8.4096,0.037,0.0563,0,Attentive
0.283,0.3789,0.2789,0.2671,45.3905,6.4621,5.512,0.0582,0.3519,1,Distracted
0.1594,0.2591,0.2075,0.6298,0.2896,11.2402,-0.8464,0.0569,0.116,2,Drowsy
0.3292,0.3288,0.2648,0.2578,34.1318,10.5202,5.763,0.0412,0.3327,1,Distracted
0.1631,0.1746,0.1794,0.4149,5.8869,17.2121,-1.7124,0.0498,0.0869,2,Drowsy
0.1875,0.2224,0.19,0.4559,13.0313,18.1502,-2.9328,0.0237,0.0758,2,Drowsy
0.1754,0.1199,0.173,0.3251,5.6545,2.5646,5.4529,0.0616,0.1436,2,Drowsy
0.2846,0.2788,0.2913,0.287,39.5564,6.8853,5.3517,0.0054,0.318,1,Distracted
0.1646,0.1705,0.205,0.5232,10.3805,5.6384,7.0727,0.0622,0.0758,2,Drowsy
0.3186,0.2427,0.3023,0.2266,-3.0701,12.456,-1.2684,0.0119,0.0523,0,Attentive
0.3367,0.3101,0.2852,0.2988,3.006,7.801,-8.7687,0.0245,0.0308,0,Attentive
0.0393,0.0605,0.1383,0.6339,20.0312,27.645,21.064,0.0224,0.5379,3,Absent
0.3113,0.282,0.2927,0.2199,17.8182,2.9055,-3.2886,0.0282,0.0134,0,Attentive
0.1797,0.179,0.1618,0.6132,6.3704,8.7579,5.9414,0.0996,0.0347,2,Drowsy
0.1595,0.2337,0.1571,0.5129,3.5326,-6.7325,9.643,0.0,0.0006,2,Drowsy
0.2409,0.3196,0.3203,0.2003,6.3615,-2.9955,2.4884,0.0074,0.0,0,Attentive
0.3034,0.3138,0.2953,0.2448,1.289,9.7922,4.0938,0.0222,0.0119,0,Attentive
0.2617,0.2237,0.2827,0.3433,21.8343,3.7733,8.0153,0.0542,0.2007,1,Distracted
0.1514,0.1035,0.0852,0.719,15.1866,15.8785,-6.2893,0.0768,0.5923,3,Absent
0.201,0.2344,0.2106,0.4488,-6.2736,3.4916,11.9478,0.0677,0.0552,2,Drowsy
0.2918,0.2774,0.2833,0.247,28.8792,12.8727,10.6623,0.018,0.2631,1,Distracted
0.2857,0.2752,0.2828,0.1825,2.393,-8.7927,2.9546,0.0196,0.0544,0,Attentive
0.2714,0.2797,0.2807,0.2915,10.2032,6.1586,7.9175,0.0082,0.1,0,Attentive
0.2487,0.2616,0.2391,0.1713,43.6209,12.2302,5.0629,0.002,0.514,1,Distracted
0.08,0.0733,0.1324,0.7179,2.7415,31.1101,21.2893,0.0336,0.7084,3,Absent
0.271,0.2982,0.2522,0.3349,49.237,0.1113,2.0548,0.0194,0.6132,1,Distracted
0.0464,0.1035,0.0864,0.6339,32.4339,25.6829,11.5203,0.0189,0.3861,3,Absent
0.2843,0.3099,0.2338,0.4658,35.3428,11.4199,12.5413,0.0483,0.3538,1,Distracted
0.1332,0.0739,0.0152,0.7726,-11.9734,-3.1893,12.8599,0.0576,0.6344,3,Absent
0.3135,0.3025,0.3009,0.1308,8.9612,3.9392,4.1417,0.0129,0.0385,0,Attentive
0.1808,0.1909,0.2135,0.3217,10.4848,3.4488,9.4794,0.0467,0.0716,2,Drowsy
0.166,0.1378,0.1786,0.3908,10.1663,13.3818,-0.6137,0.04,0.1055,2,Drowsy
0.1176,0.0931,0.0746,0.6137,61.851,43.0242,20.9461,0.0524,0.6576,3,Absent
0.296,0.2604,0.3536,0.2265,4.27,11.092,-1.0425,0.0099,0.0576,0,Attentive
0.207,0.2269,0.1806,0.5297,9.7445,12.3123,2.3899,0.0434,0.0565,2,Drowsy
0.2777,0.2965,0.3474,0.2443,11.6818,3.2699,-0.4183,0.0175,0.0449,0,Attentive
0.2417,0.2999,0.2602,0.2168,-4.2225,8.6649,2.5842,0.0071,0.0764,0,Attentive
0.0211,0.0697,0.0848,0.6824,25.536,8.6222,27.7008,0.0367,0.64,3,Absent
0.323,0.2798,0.3101,0.3673,27.9438,8.1343,18.0272,0.0589,0.1828,1,Distracted
0.1085,0.1044,0.0303,0.7738,29.9854,31.1004,10.4559,0.0554,0.5627,3,Absent
0.272,0.3073,0.2004,0.2862,45.3282,1.6714,-0.018,0.0,0.509,1,Distracted
0.1207,0.0764,0.1306,0.4602,6.5119,16.2137,41.8282,0.0179,0.2085,3,Absent
0.0669,0.165,0.0306,0.4429,-12.5563,-11.1938,23.078,0.0665,0.7916,3,Absent
0.0673,0.0517,0.0054,0.7859,19.6533,9.0599,18.4063,0.0546,0.5837,3,Absent
0.2575,0.2092,0.2098,0.4334,5.7612,4.5512,7.8877,0.0378,0.0889,2,Drowsy
0.0411,0.023,0.1074,0.6207,14.9056,19.8642,4.5579,0.0966,0.8096,3,Absent
0.0829,0.0194,0.116,0.6355,26.4408,15.2995,22.0371,0.0619,0.3511,3,Absent
0.0459,0.1327,0.159,0.6705,10.5137,8.4089,30.6552,0.0883,0.8399,3,Absent
0.1654,0.1605,0.1525,0.37,-10.465,-2.2068,8.3705,0.0371,0.0597,2,Drowsy
0.0947,0.0312,0.1251,0.7755,31.1477,20.6636,26.2494,0.0417,0.4051,3,Absent
0.0784,0.1319,0.078,0.544,40.2352,44.5081,2.7528,0.0188,0.558,3,Absent
0.3116,0.3327,0.3503,0.3012,4.9945,10.3156,2.7244,0.0202,0.0395,0,Attentive
0.2564,0.2078,0.202,0.445,10.998,5.4191,5.4119,0.0217,0.1216,2,Drowsy
0.0541,0.0013,0.0353,0.7362,14.4952,10.0399,-1.8687,0.0,0.4094,3,Absent
0.1813,0.1953,0.1549,0.39,2.8126,-1.0391,3.7766,0.0322,0.0612,2,Drowsy
0.3137,0.2923,0.2053,0.2184,37.045,11.3552,3.6635,0.0374,0.3512,1,Distracted
0.1856,0.2381,0.1664,0.4419,12.083,10.727,-3.8614,0.042,0.1405,2,Drowsy
0.2666,0.3078,0.3053,0.2891,-0.449,5.8564,4.754,0.0244,0.0252,0,Attentive
0.1075,0.0472,0.0764,0.6866,-14.9455,-4.1425,25.9135,0.0301,0.4267,3,Absent
0.1136,0.1156,0.0802,0.4309,50.8661,16.8099,47.5113,0.0696,0.508,3,Absent
0.3097,0.2591,0.2867,0.275,-4.8586,14.2375,8.1197,0.0043,0.022,0,Attentive
0.1073,0.112,0.2057,0.393,7.4941,8.9139,3.1658,0.0381,0.0454,2,Drowsy
0.0772,0.1115,0.1021,0.7084,21.6656,35.3873,29.8536,0.0721,0.4325,3,Absent
0.2693,0.2916,0.2759,0.2753,-2.8262,18.1554,7.9527,0.0221,0.0808,0,Attentive
0.3206,0.344,0.2722,0.2482,-1.2516,-7.975,3.7335,0.0451,0.0,0,Attentive
0.1782,0.2258,0.2045,0.6745,11.6697,9.2284,-1.8705,0.0284,0.0226,2,Drowsy
0.1621,0.2599,0.1459,0.5017,-1.1403,16.9565,1.6088,0.0458,0.054,2,Drowsy
0.2755,0.3158,0.2917,0.2089,31.1031,16.6115,8.0615,0.0352,0.4433,1,Distracted
0.0715,0.0363,0.0649,0.486,20.103,23.5612,2.9507,0.1082,0.5627,3,Absent
0.0658,0.0482,0.0835,0.6121,40.3784,6.82,-5.7758,0.0093,0.7488,3,Absent
0.2958,0.2873,0.2924,0.3023,0.318,-6.3875,5.7183,0.018,0.0509,0,Attentive
0.211,0.3078,0.3208,0.3335,32.5477,7.0956,7.6649,0.0463,0.4102,1,Distracted
0.329,0.3371,0.3022,0.2599,-1.9412,0.7875,5.0789,0.032,0.0458,0,Attentive
0.3208,0.2392,0.2778,0.2334,8.6251,20.489,0.86,0.0059,0.0621,0,Attentive
0.2085,0.1969,0.1743,0.4556,7.4677,13.3392,-3.595,0.0185,0.1243,2,Drowsy
0.1153,0.1125,0.1194,0.5305,23.5029,25.7479,10.1984,0.0639,0.7963,3,Absent
0.2836,0.3577,0.2806,0.1655,-0.7701,-10.8284,5.7555,0.0,0.0509,0,Attentive
0.1668,0.2214,0.142,0.4495,10.6878,15.9601,6.3039,0.0321,0.1159,2,Drowsy
0.2492,0.3459,0.296,0.2287,-5.0968,-8.584,6.1159,0.0207,0.0113,0,Attentive
0.0561,0.0798,0.0918,0.3979,-6.3289,21.295,6.3083,0.0799,0.2288,3,Absent
0.331,0.317,0.2568,0.2852,28.606,1.8073,10.7323,0.006,0.2606,1,Distracted
0.2616,0.3212,0.2667,0.2557,48.5937,25.974,8.8681,0.0169,0.2989,1,Distracted
0.3001,0.3722,0.2445,0.3294,19.2615,11.5735,10.859,0.0,0.3295,1,Distracted
0.1473,0.0941,0.2149,0.2998,4.8575,10.664,5.6328,0.0343,0.0908,2,Drowsy
0.293,0.2352,0.2543,0.2285,26.3056,6.7632,3.4007,0.017,0.2742,1,Distracted
0.3078,0.3235,0.2691,0.184,7.1755,5.0789,3.2525,0.0235,0.0296,0,Attentive
0.1137,0.0737,0.123,0.5622,7.3011,7.3379,21.8115,0.0025,0.3966,3,Absent
0.0,0.0771,0.1604,0.6643,5.0357,18.8045,10.396,0.0147,0.7238,3,Absent
0.3106,0.3229,0.2975,0.1635,33.1349,-1.5571,3.7844,0.0496,0.3805,1,Distracted
0.1921,0.2071,0.1597,0.6422,4.141,-4.4907,2.5938,0.0413,0.098,2,Drowsy
0.2446,0.3111,0.2448,0.258,-1.9907,14.0143,1.1368,0.0522,0.389,1,Distracted
0.2864,0.3446,0.3271,0.3191,40.6786,16.1639,2.5997,0.0289,0.2598,1,Distracted
0.1003,0.1455,0.1838,0.5694,15.445,6.1076,4.7786,0.0597,0.0268,2,Drowsy
0.2189,0.3647,0.2371,0.3415,23.0627,3.8101,9.7325,0.0506,0.2229,1,Distracted
0.2679,0.2542,0.2827,0.2477,4.9467,1.3113,3.7603,0.0075,0.0933,0,Attentive
0.1921,0.1903,0.2004,0.4372,-2.0916,13.252,-2.5664,0.0692,0.0707,2,Drowsy
0.0699,0.1015,0.0155,0.4646,60.5708,38.4918,24.2277,0.0302,0.5024,3,Absent
0.2655,0.2775,0.2643,0.3195,30.2566,25.9296,13.7913,0.0122,0.357,1,Distracted
0.0605,0.0944,0.1104,0.7166,44.1375,27.7832,15.337,0.0272,0.4543,3,Absent
0.1912,0.1416,0.1287,0.5154,11.185,13.9651,4.7749,0.0553,0.1085,2,Drowsy
0.1709,0.2069,0.0752,0.4472,10.3392,15.9561,0.5134,0.034,0.0554,2,Drowsy
0.0698,0.1901,0.1654,0.4279,-3.259,6.8145,10.96,0.0311,0.1186,2,Drowsy
0.2719,0.2952,0.2786,0.2742,38.1072,15.3681,-2.4974,0.0587,0.164,1,Distracted
0.2734,0.3872,0.2588,0.3847,34.2636,-6.5451,7.8971,0.0363,0.2449,1,Distracted
0.2685,0.2684,0.2948,0.3716,44.2101,24.7851,-1.2797,0.0363,0.3655,1,Distracted
0.2221,0.3575,0.247,0.1984,32.4457,0.3853,4.6897,0.0438,0.4495,1,Distracted
0.2993,0.2865,0.2286,0.3075,21.7983,19.392,0.9727,0.0268,0.4872,1,Distracted
0.1782,0.1356,0.1629,0.6056,21.8437,27.9103,14.8537,0.0276,0.3708,3,Absent
0.2448,0.2472,0.2722,0.2969,33.1657,14.3356,15.5779,0.0198,0.1785,1,Distracted
0.247,0.289,0.3191,0.2098,33.1982,-7.3249,2.6408,0.0307,0.2645,1,Distracted
0.1506,0.0602,0.0427,0.5226,24.5437,54.5568,21.4691,0.0022,0.4048,3,Absent
0.1511,0.052,0.1627,0.4538,2.9109,23.8412,6.8745,0.0506,0.0143,2,Drowsy
0.3208,0.2619,0.3426,0.2601,16.0549,-2.1312,11.0903,0.0278,0.0666,0,Attentive
0.2064,0.1572,0.1476,0.242,-2.3614,16.3774,3.7196,0.0633,0.0552,2,Drowsy
0.062,0.0238,0.0446,0.7352,11.9332,2.7111,20.355,0.0845,0.6574,3,Absent
0.0116,0.1095,0.0778,0.6046,-3.186,15.4977,10.0233,0.0595,0.5834,3,Absent
0.1792,0.1028,0.175,0.3156,9.2722,-4.4883,9.0635,0.0318,0.0583,2,Drowsy
0.2787,0.2913,0.2804,0.3367,-3.8542,-0.8888,3.0219,0.008,0.0381,0,Attentive
0.0055,0.0235,0.0952,0.6986,46.2852,20.1317,-6.0987,0.0429,0.2727,3,Absent
0.2508,0.2607,0.2885,0.3319,47.9758,1.6218,-0.0682,0.0563,0.4147,1,Distracted
0.1534,0.1165,0.1978,0.5842,-1.2979,1.5735,1.3755,0.0514,0.1291,2,Drowsy
0.2243,0.2322,0.1178,0.4976,-6.4546,22.0662,6.2012,0.0235,0.0703,2,Drowsy
0.2562,0.1797,0.2484,0.5988,0.3943,-8.0737,2.9102,0.0271,0.0883,2,Drowsy
0.2567,0.2366,0.281,0.2416,52.8049,2.6519,-3.3954,0.0,0.3469,1,Distracted
0.1341,0.0508,0.0572,0.7308,4.5834,28.8915,16.882,0.0243,0.5552,3,Absent
0.2736,0.3081,0.2946,0.1911,14.7583,-1.3559,-7.2013,0.0333,0.0349,0,Attentive
0.1694,0.2377,0.1585,0.5561,-7.0163,-1.5853,13.5069,0.0398,0.0585,2,Drowsy
0.3539,0.2277,0.2896,0.374,42.1891,11.7567,-0.8109,0.0024,0.427,1,Distracted
0.3186,0.2809,0.2703,0.2188,1.5238,-1.2332,-9.0278,0.029,0.0882,0,Attentive
0.1009,0.0689,0.0604,0.8204,47.242,13.7843,-5.5172,0.0,0.5979,3,Absent
0.2333,0.2669,0.3188,0.314,42.7317,11.4648,8.1399,0.014,0.319,1,Distracted
0.3186,0.3492,0.3095,0.2656,-9.1513,-15.4151,3.9419,0.0191,0.0346,0,Attentive
0.2964,0.263,0.23,0.2255,40.4365,20.7312,6.5652,0.046,0.4208,1,Distracted
0.1218,0.2391,0.2435,0.3097,14.3337,15.6111,-3.8489,0.0322,0.0568,2,Drowsy
0.3359,0.2821,0.2581,0.2445,3.275,4.1241,8.8107,0.0176,0.0464,0,Attentive
0.2383,0.2834,0.2524,0.3065,37.0401,12.8768,15.0508,0.0292,0.4257,1,Distracted
0.3241,0.2646,0.2778,0.309,48.003,6.6654,14.1197,0.0,0.426,1,Distracted
0.2883,0.2853,0.2239,0.1711,38.5512,11.3543,2.4451,0.0,0.3971,1,Distracted
0.2728,0.2827,0.3189,0.275,-4.8204,3.6953,5.7569,0.0033,0.0663,0,Attentive
0.0454,0.1037,0.067,0.6591,38.3845,33.6682,8.3989,0.0646,0.3244,3,Absent
0.2808,0.3157,0.2565,0.3002,16.1965,14.0709,16.7184,0.0101,0.274,1,Distracted
0.3465,0.2765,0.2919,0.2907,-6.8469,4.5922,8.5357,0.0039,0.0555,0,Attentive
0.2163,0.2084,0.1736,0.5097,11.1501,20.9613,8.9426,0.0413,0.0277,2,Drowsy
0.289,0.3211,0.2667,0.3086,-8.7198,-1.6792,-2.9905,0.0025,0.0528,0,Attentive
0.3044,0.2707,0.268,0.2108,30.5596,-23.2111,1.4587,0.0284,0.4064,1,Distracted
0.0969,0.0477,0.0972,0.7018,2.2355,6.4827,21.1397,0.0507,0.5061,3,Absent
0.2921,0.2399,0.3159,0.188,3.4795,4.9416,8.8033,0.0069,0.0,0,Attentive
0.2549,0.3076,0.3117,0.3043,3.7839,5.1564,0.0418,0.0227,0.0397,0,Attentive
0.3029,0.3291,0.2824,0.2336,-0.1369,-7.2446,3.4806,0.0226,0.0502,0,Attentive
0.2931,0.2352,0.3283,0.4022,36.7649,15.1054,6.2104,0.0406,0.338,1,Distracted
0.1988,0.2094,0.2407,0.4734,4.5124,0.7462,6.1797,0.0533,0.0723,2,Drowsy
0.1754,0.2038,0.137,0.4175,13.5615,-1.5432,11.3846,0.0187,0.114,2,Drowsy
0.3657,0.2758,0.279,0.22,-13.9912,-0.6803,-1.7957,0.0215,0.0603,0,Attentive
0.0645,0.01,0.0416,0.7532,25.4326,44.5141,11.4097,0.0392,0.4684,3,Absent
0.0754,0.0968,0.1081,0.6785,-1.347,-17.567,13.7973,0.034,0.2975,3,Absent
0.2502,0.247,0.328,0.2811,41.783,25.1425,-9.1508,0.0556,0.3555,1,Distracted
0.3447,0.2492,0.32,0.2911,38.0263,-9.7031,-8.2175,0.0256,0.3747,1,Distracted
0.2832,0.242,0.2837,0.2713,55.0645,14.9722,-6.0378,0.0047,0.3555,1,Distracted
0.311,0.3136,0.3001,0.2502,43.5746,13.0905,5.8037,0.0178,0.3003,1,Distracted
0.2866,0.2792,0.2508,0.2552,19.3366,4.9415,1.8886,0.0232,0.0497,0,Attentive
0.2627,0.31,0.2961,0.1546,-3.8831,0.1048,11.4384,0.0256,0.0099,0,Attentive
0.2709,0.2586,0.2843,0.2931,10.625,6.5916,5.6255,0.0252,0.0308,0,Attentive
0.2985,0.2667,0.2703,0.2065,41.7985,3.5153,-7.9387,0.0226,0.4481,1,Distracted
0.3113,0.347,0.2984,0.2222,18.0493,-7.1361,-8.994,0.0244,0.0349,0,Attentive
0.3163,0.3058,0.2412,0.3209,38.4774,33.3304,7.4236,0.0272,0.2643,1,Distracted
0.0156,0.0,0.0268,0.8458,7.5724,-24.1244,7.9553,0.0023,0.5619,3,Absent
0.2488,0.2665,0.3309,0.2422,-1.3863,4.1201,4.5089,0.0312,0.0935,0,Attentive
0.2701,0.2946,0.2456,0.2589,14.4309,-7.3189,-0.9296,0.0233,0.0876,0,Attentive
0.0801,0.1034,0.0668,0.6962,12.1328,38.3588,45.6221,0.0382,0.646,3,Absent
0.1651,0.1342,0.1626,0.5045,3.9452,16.9478,11.1787,0.0163,0.0297,2,Drowsy
0.2683,0.316,0.2586,0.4086,31.9209,11.4699,-3.1786,0.0357,0.1521,1,Distracted
0.0624,0.025,0.1114,0.4577,45.013,5.962,25.0398,0.0507,0.6042,3,Absent
0.1967,0.153,0.1973,0.3667,0.7981,23.1267,1.9721,0.024,0.1268,2,Drowsy
0.2185,0.2005,0.1536,0.4576,5.0011,0.6467,-1.5231,0.0264,0.1615,2,Drowsy
0.2431,0.279,0.2922,0.1318,47.6375,5.055,-2.9905,0.0488,0.3476,1,Distracted
0.005,0.0399,0.0372,0.7063,41.5375,14.5336,7.8465,0.0376,0.3284,3,Absent
0.2185,0.2686,0.2451,0.2522,21.8218,5.5109,2.5633,0.0319,0.1885,1,Distracted
0.215,0.1696,0.1926,0.6172,12.5671,1.7267,-8.73,0.0459,0.1119,2,Drowsy
0.2513,0.1575,0.158,0.4368,4.2355,23.1004,11.8291,0.0524,0.138,2,Drowsy
0.2377,0.2904,0.3411,0.268,-3.9079,2.7816,2.0901,0.0247,0.009,0,Attentive
0.1846,0.2453,0.1436,0.3415,-3.2456,9.0664,11.7073,0.0719,0.0,2,Drowsy
0.2877,0.2736,0.2606,0.3057,55.6769,26.3926,-6.5366,0.0415,0.3322,1,Distracted
0.1447,0.0313,0.0545,0.5825,33.3888,7.926,-6.5997,0.0826,0.4611,3,Absent
0.2142,0.161,0.1515,0.389,-7.5649,8.3234,0.1366,0.0557,0.1056,2,Drowsy
0.3697,0.2995,0.3126,0.2542,-2.7087,-9.7453,-1.5289,0.0061,0.1011,0,Attentive
0.0328,0.0891,0.1239,0.5876,32.1725,19.4932,29.2848,0.0115,0.3291,3,Absent
0.0648,0.1386,0.0439,0.683,46.184,9.4007,11.4374,0.1204,0.6449,3,Absent
0.1059,0.1229,0.0865,0.6195,10.1331,9.9904,-4.262,0.0226,0.3618,3,Absent
0.1275,0.1769,0.2243,0.5503,5.8543,16.8981,-1.2976,0.0335,0.0958,2,Drowsy
0.1913,0.1776,0.2481,0.5417,6.2761,5.8645,12.3801,0.0394,0.0933,2,Drowsy
0.2504,0.3123,0.3353,0.335,47.6891,9.1918,-5.4525,0.0209,0.3241,1,Distracted
0.1897,0.3443,0.3358,0.2191,32.2654,10.9561,-0.7621,0.0,0.329,1,Distracted
0.2979,0.2545,0.2911,0.2945,7.6016,6.5047,2.2489,0.0201,0.0302,0,Attentive
0.3327,0.2887,0.3005,0.1914,16.5658,16.281,2.7835,0.0302,0.0553,0,Attentive
0.3345,0.2478,0.2909,0.194,-7.3575,11.1258,-0.3385,0.0235,0.0486,0,Attentive
0.2996,0.2976,0.2774,0.3456,46.6456,14.1337,5.3277,0.0431,0.3814,1,Distracted
0.3206,0.2748,0.3017,0.149,14.5356,-0.5866,2.2793,0.0169,0.0844,0,Attentive
0.306,0.3328,0.312,0.2069,20.4285,4.3603,1.2633,0.0296,0.0575,0,Attentive
0.1336,0.2463,0.2474,0.4547,23.3848,4.8078,6.0022,0.0686,0.0616,2,Drowsy
0.032,0.0604,0.1099,0.6928,38.0336,16.5753,34.2307,0.0604,0.4522,3,Absent
0.3047,0.2967,0.2665,0.2915,36.2857,7.7576,3.735,0.0747,0.4309,1,Distracted
0.2626,0.2274,0.2877,0.2515,24.9696,-0.9587,21.6102,0.025,0.1574,1,Distracted
0.0697,0.1786,0.1467,0.7538,9.4395,30.1665,18.1801,0.0572,0.2384,3,Absent
0.1789,0.1867,0.1915,0.4557,8.8647,8.7795,-6.0365,0.005,0.1571,2,Drowsy
0.3073,0.2859,0.3153,0.2011,-8.0527,-9.5875,-9.1179,0.0148,0.041,0,Attentive
0.1901,0.1605,0.1813,0.4958,-6.9621,7.9471,9.9536,0.0752,0.0748,2,Drowsy
0.24,0.2635,0.2291,0.3383,36.7211,1.7363,2.6466,0.0636,0.3427,1,Distracted
0.1869,0.2558,0.1129,0.4465,1.4755,15.5724,5.7741,0.0518,0.0938,2,Drowsy
0.1751,0.1604,0.217,0.3977,3.6604,12.0545,6.7263,0.0577,0.0884,2,Drowsy
0.0723,0.0898,0.1435,0.6039,0.4354,47.202,21.3212,0.1077,0.7227,3,Absent
0.2837,0.264,0.1781,0.1933,44.2992,30.192,10.4161,0.0365,0.3479,1,Distracted
0.2931,0.2827,0.3368,0.215,-5.2965,7.6576,-1.9807,0.0105,0.0067,0,Attentive
0.2657,0.3246,0.2984,0.2536,3.5856,1.9483,7.9585,0.0192,0.0164,0,Attentive
0.2811,0.3076,0.3205,0.2483,6.6379,-0.615,1.0177,0.0179,0.0276,0,Attentive
0.3012,0.3311,0.3084,0.3239,-4.9487,3.9515,2.4223,0.0093,0.0787,0,Attentive
0.1115,0.0778,0.0557,0.4234,1.8054,30.6217,24.7661,0.0437,0.7134,3,Absent
0.0,0.0018,0.0919,0.473,4.4199,20.1851,-14.3924,0.0386,0.317,3,Absent
0.1523,0.2152,0.1502,0.3278,6.1961,6.5366,-2.2184,0.0527,0.0986,2,Drowsy
0.2816,0.2533,0.2926,0.305,35.9737,11.7872,3.9571,0.0499,0.4236,1,Distracted
0.2365,0.1698,0.1573,0.482,-4.5883,6.6138,3.96,0.0394,0.0835,2,Drowsy
0.3293,0.315,0.3047,0.3001,-18.6259,7.7451,-1.2704,0.0017,0.0653,0,Attentive
0.0412,0.1317,0.08,0.6908,10.1626,20.2924,-12.6241,0.0754,0.9116,3,Absent
0.1618,0.1995,0.1619,0.5047,4.7621,7.327,-3.8638,0.0236,0.1041,2,Drowsy
0.3498,0.3006,0.3058,0.187,-1.9309,0.3736,0.4114,0.0328,0.0667,0,Attentive
0.072,0.0497,0.0118,0.5477,5.3095,1.6204,11.0515,0.0156,0.5173,3,Absent
0.012,0.0189,0.0282,0.8754,25.1806,11.2555,3.4817,0.0243,0.4281,3,Absent
0.1591,0.1384,0.1403,0.4282,-4.0278,21.3922,5.0818,0.0594,0.0681,2,Drowsy
0.0159,0.0766,0.0573,0.6792,-0.5734,22.6686,9.7326,0.0125,0.2845,3,Absent
0.2552,0.3041,0.3006,0.2142,9.4768,6.7163,6.2907,0.0188,0.0681,0,Attentive
0.3028,0.2474,0.3,0.3397,49.6466,30.1355,6.4646,0.0355,0.1977,1,Distracted
0.283,0.3277,0.2331,0.2608,36.7317,-8.3371,-0.0016,0.0164,0.2704,1,Distracted
0.2657,0.3033,0.2992,0.2396,1.9717,-10.1729,-0.7436,0.0209,0.0548,0,Attentive
0.3309,0.2911,0.2503,0.2827,18.6066,20.5796,5.4911,0.0,0.3199,1,Distracted
0.2794,0.3349,0.3267,0.1857,-5.7073,20.9235,10.7546,0.0197,0.0577,0,Attentive
0.0106,0.1005,0.1263,0.604,16.1838,2.9277,15.0866,0.0728,0.7083,3,Absent
0.1677,0.2078,0.2249,0.3953,9.8657,13.0923,10.093,0.033,0.0081,2,Drowsy
0.3437,0.3211,0.3197,0.2542,14.2837,5.8683,-2.3054,0.034,0.0709,0,Attentive
0.2829,0.275,0.3118,0.2224,8.0635,4.4205,-5.5787,0.0355,0.1039,0,Attentive
0.2443,0.3181,0.3075,0.2819,11.4649,5.5733,2.7404,0.0112,0.0286,0,Attentive
0.285,0.2715,0.2915,0.1997,3.3826,-0.9494,-5.4702,0.0326,0.0351,0,Attentive
0.1631,0.1415,0.0,0.7888,18.6743,9.3773,2.9139,0.0215,0.414,3,Absent
0.3067,0.2182,0.2673,0.2978,41.4043,24.9295,2.6539,0.0596,0.2841,1,Distracted
0.2508,0.2373,0.1597,0.3389,3.5796,17.2266,1.549,0.0582,0.1283,2,Drowsy
0.2867,0.3294,0.3524,0.3313,57.3531,3.7063,9.2113,0.0568,0.2604,1,Distracted
0.1357,0.0505,0.064,0.8637,14.6572,18.0682,13.6171,0.0096,0.6644,3,Absent
0.327,0.3646,0.2299,0.1646,32.0579,-5.1842,5.2773,0.045,0.4994,1,Distracted
0.0088,0.0,0.1331,0.5292,7.113,34.8441,11.3371,0.0446,0.5096,3,Absent
0.182,0.1459,0.1566,0.8979,12.149,14.8888,0.8841,0.0714,0.124,2,Drowsy
0.1979,0.1562,0.1814,0.3425,3.9813,31.4426,13.229,0.0411,0.0864,2,Drowsy
0.3469,0.2754,0.3383,0.275,-8.1944,5.5735,-8.5001,0.0263,0.0766,0,Attentive
0.2255,0.1924,0.1602,0.3642,-0.1232,4.4442,-0.2298,0.0052,0.1256,2,Drowsy
0.3095,0.29,0.2977,0.2235,-9.1158,5.2512,10.7747,0.0202,0.0568,0,Attentive
0.2892,0.2841,0.2907,0.2856,49.9144,11.2343,-3.7493,0.0626,0.387,1,Distracted
0.1205,0.0939,0.0754,0.4819,46.9649,10.0782,26.8468,0.0553,0.2913,3,Absent
0.0836,0.0637,0.0558,0.7327,49.4513,59.9198,6.1245,0.0,0.6618,3,Absent
0.1752,0.243,0.1457,0.375,-2.7782,-3.8569,-0.6852,0.0421,0.0515,2,Drowsy
0.3543,0.2817,0.2906,0.2411,23.826,14.773,6.3051,0.0142,0.2062,1,Distracted
0.2596,0.2873,0.3112,0.2064,26.8411,11.8496,19.4095,0.0127,0.554,1,Distracted
0.3152,0.2669,0.2462,0.2694,22.944,2.9575,6.1925,0.0208,0.047,0,Attentive
0.3212,0.3317,0.2907,0.2975,37.5693,14.8913,5.331,0.03,0.4697,1,Distracted
0.2088,0.1637,0.1512,0.4148,-2.1532,0.528,-4.0651,0.0414,0.0573,2,Drowsy
0.1605,0.1207,0.1443,0.6229,9.0277,21.7315,11.0334,0.0699,0.744,3,Absent
0.1225,0.202,0.1378,0.3347,13.5408,-1.5707,-7.5822,0.0525,0.0678,2,Drowsy
0.1564,0.1602,0.2137,0.345,6.1539,8.3433,3.9866,0.0296,0.0568,2,Drowsy
0.0531,0.0135,0.0974,0.7279,26.0953,3.711,6.0508,0.057,0.2125,3,Absent
0.2246,0.2071,0.2108,0.5586,6.2626,6.7309,0.1387,0.0322,0.0591,2,Drowsy
0.1311,0.1594,0.1703,0.6912,-3.0767,7.0703,1.3109,0.05,0.0591,2,Drowsy
0.292,0.2008,0.2752,0.3138,33.0451,3.6621,2.527,0.0192,0.2863,1,Distracted
0.242,0.2394,0.1117,0.4497,15.8762,31.1251,7.519,0.0326,0.0396,2,Drowsy
0.2437,0.3042,0.2234,0.3008,27.4394,2.6584,-3.679,0.0207,0.4585,1,Distracted
0.1828,0.1394,0.1547,0.4199,1.2886,9.1325,7.5158,0.0326,0.0958,2,Drowsy
0.0095,0.0752,0.0322,0.6503,30.409,42.5424,-3.4963,0.0793,0.5762,3,Absent
0.0442,0.0741,0.0,0.7423,-16.9568,30.0438,-0.5137,0.0379,0.6538,3,Absent
0.2006,0.1955,0.2518,0.4038,7.078,26.8377,1.074,0.0429,0.0422,2,Drowsy
0.2732,0.2913,0.2764,0.1314,41.0131,25.1934,5.7,0.0094,0.2987,1,Distracted
0.026,0.0,0.0322,0.6521,6.9438,33.4492,12.4338,0.0403,0.4859,3,Absent
0.0676,0.0969,0.1057,0.6464,5.7324,31.4086,15.4008,0.0068,0.1229,3,Absent
0.3356,0.3431,0.294,0.2523,-4.2369,11.2093,5.3271,0.0394,0.0237,0,Attentive
0.1422,0.1779,0.1495,0.4665,13.0568,6.6549,4.75,0.0381,0.1121,2,Drowsy
0.26,0.3017,0.2718,0.2682,39.9162,4.0301,13.958,0.0268,0.4118,1,Distracted
0.278,0.2864,0.3032,0.2177,55.2506,12.4511,9.3608,0.0174,0.4786,1,Distracted
0.3312,0.2544,0.2292,0.2274,7.4139,11.4018,-0.3158,0.0159,0.0846,0,Attentive
0.2924,0.3451,0.2337,0.3046,12.9687,-11.5137,0.2866,0.0163,0.0078,0,Attentive
0.2794,0.3246,0.2762,0.2848,-1.1329,-4.1628,3.4002,0.0,0.0,0,Attentive
0.2139,0.2194,0.2074,0.5293,8.5522,9.0522,3.1231,0.0642,0.0651,2,Drowsy
0.2836,0.2623,0.2803,0.3367,28.3692,-8.7301,17.2669,0.0101,0.2441,1,Distracted
0.375,0.2683,0.2912,0.1884,10.6197,14.8243,10.3496,0.0322,0.0441,0,Attentive
0.266,0.3105,0.2776,0.3031,21.7026,-3.0253,4.671,0.0127,0.0812,0,Attentive
0.2918,0.337,0.2799,0.2594,-2.2535,1.1778,-5.5502,0.0178,0.0442,0,Attentive
0.2569,0.2269,0.2589,0.2932,43.0811,11.6179,7.0803,0.0233,0.3996,1,Distracted
0.2337,0.1668,0.1474,0.363,9.2408,-3.2251,2.9941,0.0666,0.0917,2,Drowsy
0.2804,0.2821,0.3344,0.1432,28.102,10.3924,3.1162,0.0195,0.0586,0,Attentive
0.3327,0.1637,0.2372,0.2251,25.1634,13.3626,6.7402,0.0379,0.4096,1,Distracted
0.1276,0.076,0.1103,0.438,38.6894,7.7023,8.6242,0.0652,0.6133,3,Absent
0.2838,0.2533,0.2312,0.2776,53.3962,6.9016,9.7108,0.0469,0.3216,1,Distracted
0.2039,0.1779,0.202,0.4209,-1.3209,3.3315,14.2247,0.0445,0.0006,2,Drowsy
0.2706,0.3075,0.2992,0.2377,24.8475,16.569,0.6659,0.0312,0.3624,1,Distracted
0.2116,0.2286,0.1372,0.4681,8.1682,10.1661,-1.8019,0.0615,0.0849,2,Drowsy
0.0257,0.223,0.1211,0.5089,4.2497,24.939,8.9848,0.0299,0.0519,2,Drowsy
0.2749,0.3329,0.3217,0.2251,7.6116,-7.5599,2.9249,0.0245,0.1012,0,Attentive
0.2776,0.241,0.2995,0.2647,4.9953,0.7133,2.6238,0.0352,0.0615,0,Attentive
0.3097,0.2646,0.3297,0.2268,4.6093,4.983,0.7055,0.0259,0.0358,0,Attentive
0.3322,0.2811,0.2926,0.2885,-1.2191,2.9643,3.9938,0.0279,0.0,0,Attentive
0.0776,0.0828,0.0784,0.6053,-6.2061,18.8802,27.2271,0.1044,0.5024,3,Absent
0.1214,0.2253,0.1979,0.5293,14.3234,1.3983,2.208,0.0021,0.2056,2,Drowsy
0.315,0.2492,0.2957,0.2094,9.6245,10.4976,-8.3724,0.0198,0.0837,0,Attentive
0.2563,0.2791,0.1966,0.2139,27.4754,22.075,0.1171,0.0336,0.3727,1,Distracted
0.2874,0.2915,0.2664,0.2041,-5.0331,-2.3746,1.8266,0.0223,0.0965,0,Attentive
0.325,0.2367,0.3163,0.4064,44.1699,17.9035,6.0176,0.0195,0.4261,1,Distracted
0.0387,0.0,0.0254,0.5962,36.1693,25.198,16.6825,0.0,0.804,3,Absent
0.2158,0.2868,0.2933,0.3721,50.7223,18.6458,-7.9761,0.0484,0.4206,1,Distracted
0.3465,0.3016,0.3308,0.2953,24.8196,4.1666,5.6178,0.0175,0.2393,1,Distracted
0.0841,0.0525,0.117,0.3835,18.8432,-6.4488,4.0537,0.0657,0.2952,3,Absent
0.0391,0.0232,0.0446,0.5861,15.8729,35.5591,16.0481,0.0645,0.5783,3,Absent
0.1774,0.0468,0.1887,0.4199,-3.8676,10.5258,9.8635,0.0305,0.0422,2,Drowsy
0.1407,0.1104,0.0893,0.5942,27.0802,44.2852,17.4196,0.0059,0.0,3,Absent
0.0655,0.0777,0.1163,0.6847,13.2821,12.7182,-3.8016,0.057,0.5316,3,Absent
0.136,0.2519,0.2493,0.312,25.3337,7.8489,14.2537,0.0499,0.4402,1,Distracted
0.0619,0.0788,0.1672,0.7402,3.1956,20.4216,18.9892,0.0183,0.7018,3,Absent
0.0505,0.0976,0.0854,0.4751,2.675,11.8863,5.94,0.0876,0.5514,3,Absent
0.2555,0.2066,0.2646,0.2118,37.7798,3.4397,11.6698,0.0621,0.4179,1,Distracted
0.0241,0.0,0.0281,0.6964,17.8774,31.282,21.0209,0.0309,0.4522,3,Absent
0.2874,0.3025,0.273,0.3023,23.104,0.3417,6.4203,0.0436,0.1625,1,Distracted
0.3181,0.3412,0.309,0.3094,-4.7183,0.0976,-1.6215,0.0231,0.0392,0,Attentive
0.1057,0.0224,0.051,0.6043,18.6967,35.0957,23.2894,0.0515,0.4979,3,Absent
0.2976,0.2826,0.288,0.2848,-1.1415,2.3834,12.8497,0.0058,0.0,0,Attentive
0.2862,0.2641,0.2841,0.2891,28.0526,1.0363,2.3078,0.0347,0.4099,1,Distracted
0.1903,0.0688,0.0974,0.5574,25.7777,41.8899,7.1728,0.0638,0.2689,3,Absent
0.2619,0.2393,0.2512,0.2027,24.1946,24.1946,-0.4929,0.0325,0.2997,1,Distracted
0.2492,0.147,0.1476,0.4264,10.5696,12.4389,-0.4784,0.0551,0.032,2,Drowsy
0.1064,0.1252,0.1335,0.6133,-1.3733,2.2855,-7.0573,0.0362,0.4732,3,Absent
0.1413,0.1574,0.187,0.5012,-8.7215,7.8611,1.0669,0.027,0.0853,2,Drowsy
0.2803,0.2909,0.2664,0.209,-0.8098,9.1207,3.3128,0.0219,0.0755,0,Attentive
0.1265,0.1856,0.1551,0.3875,5.2274,-4.2654,-4.7078,0.0534,0.0028,2,Drowsy
0.3465,0.2736,0.2715,0.2834,33.5009,7.848,11.8604,0.033,0.4212,1,Distracted
0.2564,0.2931,0.2612,0.3081,49.5921,2.8068,4.2165,0.0392,0.3064,1,Distracted
0.0818,0.0825,0.1072,0.5471,27.6677,6.1911,31.0387,0.066,0.4124,3,Absent
0.1221,0.1236,0.2001,0.5376,10.3109,16.8702,10.2057,0.0,0.098,2,Drowsy
0.2808,0.1854,0.1592,0.3355,-10.6072,10.9087,7.2732,0.0321,0.0794,2,Drowsy
0.2888,0.2104,0.266,0.3053,25.1032,15.868,3.3858,0.0532,0.4862,1,Distracted
0.1499,0.2211,0.2611,0.3709,-5.4552,9.4043,8.3775,0.0382,0.0379,2,Drowsy
0.0718,0.0988,0.0714,0.6972,19.867,32.2076,5.1758,0.0,0.3553,3,Absent
0.1812,0.2053,0.2015,0.248,-5.1207,-0.165,-0.0803,0.0316,0.12,2,Drowsy
0.1211,0.0802,0.1284,0.6242,2.355,19.8446,16.2717,0.0475,0.8061,3,Absent
0.0248,0.0724,0.0906,0.6617,37.1675,29.3013,4.5551,0.045,0.4877,3,Absent
0.232,0.2979,0.2991,0.2143,33.3167,6.6448,6.5359,0.0076,0.4752,1,Distracted
0.0724,0.0407,0.081,0.8606,10.9492,2.2849,8.9881,0.0539,0.6876,3,Absent
0.3138,0.3042,0.333,0.2475,55.0912,0.9908,-1.0761,0.0,0.3054,1,Distracted
0.1592,0.1839,0.2446,0.5529,-3.3737,27.3468,3.8442,0.0649,0.0338,2,Drowsy
0.1199,0.1816,0.2074,0.3887,-2.459,20.1276,-3.1324,0.0,0.0339,2,Drowsy
0.3398,0.2686,0.211,0.2973,17.6729,14.4485,7.4694,0.0112,0.4621,1,Distracted
0.3177,0.2204,0.3342,0.2131,8.4925,8.1875,-2.3835,0.0266,0.0384,0,Attentive
0.0,0.0845,0.1008,0.6391,39.678,-0.5584,6.5869,0.0401,0.6925,3,Absent
0.2478,0.1698,0.2278,0.6573,3.125,3.6859,-2.5891,0.0338,0.0833,2,Drowsy
0.2886,0.2409,0.2856,0.2546,25.8127,17.3411,-4.2262,0.0413,0.4184,1,Distracted
0.3172,0.342,0.3231,0.253,-2.1755,7.8876,3.9674,0.029,0.0691,0,Attentive
0.3427,0.2972,0.2778,0.2999,0.7056,8.3166,0.5412,0.0194,0.0648,0,Attentive
0.2047,0.1143,0.1792,0.4781,-3.9166,19.3771,2.0714,0.038,0.0735,2,Drowsy
0.2709,0.2708,0.2521,0.2874,42.3795,22.0358,-3.9357,0.0251,0.3947,1,Distracted
0.0798,0.0799,0.1045,0.6713,42.1498,23.615,5.0329,0.036,0.6708,3,Absent
0.2251,0.1638,0.1975,0.4993,6.6225,4.1643,-1.1403,0.05,0.0117,2,Drowsy
0.2361,0.3137,0.2755,0.1923,-10.4988,-9.5572,-4.7772,0.0129,0.1086,0,Attentive
0.1737,0.1857,0.1688,0.5896,-4.4859,19.7957,5.9814,0.0525,0.0668,2,Drowsy
0.2514,0.2656,0.3511,0.2252,31.6561,6.1251,3.517,0.0234,0.3779,1,Distracted
0.2927,0.2988,0.2966,0.2667,14.4509,10.5724,-4.5611,0.0262,0.0899,0,Attentive
0.1697,0.1395,0.1417,0.3846,-0.4622,-1.0798,0.3359,0.0532,0.1459,2,Drowsy
0.0,0.0179,0.0975,0.7707,32.3283,29.7623,14.2228,0.0378,0.6078,3,Absent
0.1462,0.1582,0.1736,0.347,-5.4315,24.777,5.5131,0.0233,0.1127,2,Drowsy
0.1817,0.1638,0.1813,0.2538,-8.3817,10.797,11.841,0.047,0.0512,2,Drowsy
0.3014,0.3284,0.2177,0.3439,65.0654,5.4836,16.3709,0.0247,0.2128,1,Distracted
0.3101,0.2808,0.28,0.2466,38.241,20.8809,0.7811,0.0,0.4203,1,Distracted
0.1278,0.144,0.2186,0.506,-0.3602,7.9112,11.0215,0.0782,0.0904,2,Drowsy
0.1134,0.1919,0.2074,0.4211,5.01,3.0971,-2.8881,0.009,0.0185,2,Drowsy
0.1948,0.1825,0.1334,0.4898,18.8534,8.2594,-3.9709,0.0406,0.0315,2,Drowsy
0.1146,0.0556,0.0799,0.7253,22.7501,44.0285,12.5545,0.0349,0.6769,3,Absent
0.2411,0.1607,0.1883,0.3609,-11.587,2.0903,1.2993,0.0329,0.0416,2,Drowsy
0.3403,0.3005,0.3012,0.2154,43.8503,12.7525,-4.506,0.0585,0.3659,1,Distracted
0.2432,0.3407,0.225,0.3539,35.467,5.1053,6.002,0.0447,0.4867,1,Distracted
0.2239,0.1759,0.1618,0.3609,9.2544,18.8669,9.3172,0.0521,0.021,2,Drowsy
0.2405,0.1898,0.2951,0.2904,27.5819,-6.1917,8.7784,0.0247,0.4057,1,Distracted
0.0775,0.0718,0.0357,0.5514,54.3878,5.1649,2.9008,0.0289,0.3104,3,Absent
0.2677,0.3159,0.2587,0.2719,44.4319,21.7297,1.8574,0.0692,0.3813,1,Distracted
0.0507,0.0,0.1786,0.5815,9.6214,45.0742,0.501,0.0841,0.4325,3,Absent
0.3351,0.2931,0.2989,0.1734,7.114,7.0044,1.689,0.0312,0.04,0,Attentive
0.1368,0.1472,0.099,0.7979,23.1979,17.411,29.1447,0.0646,0.4029,3,Absent
0.3149,0.32,0.3105,0.2919,-1.938,-0.9081,-3.5008,0.0244,0.0734,0,Attentive
0.1324,0.1055,0.0898,0.7453,-15.3339,23.1586,15.6297,0.0564,0.5325,3,Absent
0.1943,0.1637,0.1522,0.4427,-3.8212,16.231,-5.0417,0.0372,0.1044,2,Drowsy
0.3383,0.2823,0.3137,0.2399,1.2586,10.6914,6.1271,0.0281,0.0892,0,Attentive
0.2379,0.335,0.2806,0.2073,-0.2245,4.9057,1.7136,0.0255,0.0098,0,Attentive
0.1713,0.2078,0.1805,0.3112,-0.1655,15.0438,1.8365,0.0,0.0787,2,Drowsy
0.2673,0.2583,0.277,0.245,40.8409,11.9731,9.6413,0.009,0.316,1,Distracted
0.2761,0.3031,0.2421,0.3337,6.534,11.5892,-5.903,0.0324,0.1169,0,Attentive
0.2136,0.3104,0.2411,0.3736,34.4147,-2.4639,-1.8519,0.037,0.3109,1,Distracted
0.1893,0.1924,0.1124,0.425,13.2981,39.5386,-2.0215,0.0485,0.0572,2,Drowsy
0.2575,0.2519,0.2935,0.3472,33.4007,12.0549,5.6859,0.03,0.2411,1,Distracted
0.2887,0.3069,0.3162,0.2392,-3.9837,9.1699,5.6057,0.0108,0.0907,0,Attentive
0.2252,0.3506,0.2529,0.2666,38.9674,4.3465,5.8604,0.0415,0.4461,1,Distracted
0.3049,0.3455,0.274,0.2123,34.2008,-12.2438,7.0214,0.039,0.5176,1,Distracted
0.3505,0.3394,0.2636,0.2498,22.8367,3.7041,-2.3955,0.0386,0.2044,1,Distracted
0.0726,0.0885,0.1303,0.779,-1.2735,34.781,29.2937,0.0455,0.6517,3,Absent
0.3268,0.251,0.2774,0.1596,0.8012,2.6762,2.5705,0.0206,0.0222,0,Attentive
0.1784,0.1403,0.1546,0.4789,-7.3867,9.046,6.7053,0.0597,0.0241,2,Drowsy
0.1053,0.1082,0.0595,0.7192,50.4688,17.8276,10.9272,0.0426,0.874,3,Absent
0.0477,0.0,0.043,0.4763,39.6482,10.897,8.8309,0.0181,0.5688,3,Absent
0.0931,0.1339,0.1055,0.719,23.6269,39.302,11.2047,0.0413,0.1689,3,Absent
0.144,0.1223,0.1453,0.362,7.1586,3.7907,4.9346,0.0656,0.0765,2,Drowsy
0.1285,0.1276,0.0369,0.7368,31.7069,3.2929,21.4855,0.0185,0.0641,3,Absent
0.3058,0.2907,0.3033,0.2424,8.6649,9.6969,-1.9299,0.0067,0.0,0,Attentive
0.0841,0.1237,0.0662,0.6612,5.7163,0.6028,6.2631,0.0438,0.1048,2,Drowsy
0.3227,0.2661,0.2012,0.2686,33.1257,7.7508,1.2352,0.0343,0.3566,1,Distracted
0.3043,0.2898,0.2304,0.2601,27.6494,5.3825,-2.824,0.0525,0.5102,1,Distracted
0.1353,0.2651,0.1539,0.332,5.0585,25.6668,-5.5548,0.0372,0.0991,2,Drowsy
0.2855,0.2904,0.3106,0.2761,-1.5896,2.8295,12.7114,0.0373,0.0631,0,Attentive
0.3199,0.3352,0.3045,0.1852,6.1975,-1.5595,-0.6431,0.0259,0.0871,0,Attentive
0.1221,0.0929,0.0262,0.844,-12.331,27.9546,21.6621,0.0128,0.5424,3,Absent
0.2481,0.3448,0.301,0.2722,10.6124,-4.1481,4.3674,0.0173,0.0754,0,Attentive
0.3034,0.2569,0.323,0.2166,17.9864,10.5603,-0.2366,0.0328,0.052,0,Attentive
0.0391,0.0045,0.083,0.6401,19.9816,8.5303,7.4986,0.0839,0.6382,3,Absent
0.1731,0.1292,0.0583,0.6536,-3.3359,5.4632,16.7933,0.0352,0.3411,3,Absent
0.0334,0.0317,0.0969,0.5411,18.8798,35.8578,18.6476,0.0283,0.832,3,Absent
0.0107,0.0968,0.0607,0.791,5.8314,28.1677,16.3679,0.0297,0.598,3,Absent
0.3188,0.2628,0.2624,0.2127,-2.2923,8.2739,-1.0727,0.0114,0.0317,0,Attentive
0.3255,0.2659,0.288,0.3578,34.0475,12.1446,4.4217,0.0547,0.3242,1,Distracted
0.2658,0.2563,0.2914,0.2451,39.7885,-3.2008,3.5675,0.0557,0.3443,1,Distracted
0.3253,0.2889,0.2273,0.2313,-5.3084,-8.4189,-4.1871,0.0211,0.0899,0,Attentive
0.3011,0.3036,0.3153,0.1989,0.941,-8.6801,3.9961,0.0265,0.0355,0,Attentive
0.2753,0.2784,0.3512,0.25,9.257,-2.5363,-1.8993,0.0308,0.0095,0,Attentive
0.3001,0.3235,0.2199,0.2487,24.066,22.2464,2.6991,0.0469,0.4036,1,Distracted
0.2972,0.2619,0.2712,0.2984,6.1919,10.3503,3.6233,0.0214,0.0,0,Attentive
0.328,0.2574,0.256,0.1737,13.1007,-0.863,14.791,0.0144,0.0555,0,Attentive
0.1181,0.1728,0.1104,0.5798,27.0609,29.3937,3.0634,0.0415,0.7701,3,Absent
0.0673,0.0882,0.099,0.4785,22.8385,13.2481,21.0876,0.0278,0.4291,3,Absent
0.253,0.1437,0.1617,0.377,4.643,18.9625,12.9469,0.032,0.0951,2,Drowsy
0.3134,0.2934,0.2975,0.31,45.6133,12.8815,7.1531,0.0538,0.2835,1,Distracted
0.3085,0.2898,0.299,0.251,-3.4194,7.0525,4.3002,0.0354,0.0877,0,Attentive
0.3151,0.2904,0.2743,0.2438,5.4724,-1.5898,0.8214,0.0106,0.0836,0,Attentive
0.2091,0.1743,0.2113,0.4648,13.737,-4.1776,2.2561,0.0386,0.0,2,Drowsy
0.1413,0.0754,0.1442,0.6903,21.7957,-17.489,4.4567,0.0506,0.5897,3,Absent
0.1177,0.1069,0.0871,0.5982,12.6788,16.973,0.218,0.0488,0.7284,3,Absent
0.2011,0.2011,0.1577,0.4648,-16.2514,13.6558,5.2486,0.0391,0.0808,2,Drowsy
0.3198,0.2826,0.2637,0.2692,14.0484,8.1776,9.1306,0.0368,0.5021,1,Distracted
0.0991,0.2018,0.2101,0.5043,-1.2649,6.0472,0.2586,0.0316,0.0316,2,Drowsy
0.2144,0.1597,0.1331,0.2818,14.5288,0.3593,2.3724,0.0664,0.0154,2,Drowsy
0.2077,0.2341,0.2316,0.4205,-3.898,5.4501,-1.9077,0.0357,0.0663,2,Drowsy
0.229,0.2806,0.2935,0.2707,43.5665,10.9901,1.8655,0.0187,0.4311,1,Distracted
0.1739,0.2354,0.1647,0.5639,1.5484,9.3994,-1.6845,0.018,0.109,2,Drowsy
0.1042,0.1413,0.1802,0.459,-7.2454,-4.2917,4.2812,0.0119,0.0133,2,Drowsy
0.1976,0.1677,0.1693,0.3883,9.5886,14.7904,3.6779,0.0128,0.0961,2,Drowsy
0.1574,0.1553,0.2096,0.3614,-10.0461,-7.7368,-3.3519,0.0672,0.0806,2,Drowsy
0.1718,0.2314,0.1378,0.4406,7.1967,-1.3641,9.1588,0.0502,0.0156,2,Drowsy
0.3003,0.2606,0.2734,0.2347,-1.8761,1.6912,2.2832,0.0253,0.0479,0,Attentive
0.1444,0.1297,0.1704,0.6077,-0.0436,-0.7184,7.2597,0.0435,0.0,2,Drowsy
0.3586,0.2982,0.2813,0.2708,12.337,2.8386,8.3929,0.0308,0.0177,0,Attentive
0.1247,0.1155,0.2521,0.3971,2.5141,-0.9021,8.7417,0.0244,0.0603,2,Drowsy
0.2,0.2015,0.182,0.4425,12.3562,9.168,10.9955,0.0524,0.0553,2,Drowsy
0.0721,0.0689,0.07,0.3586,10.5194,30.6976,14.7311,0.0114,0.7429,3,Absent
0.2702,0.2695,0.2653,0.17,-6.7383,4.1162,-2.4639,0.0251,0.051,0,Attentive
0.2518,0.2696,0.2279,0.2852,49.9676,11.3549,14.2479,0.0567,0.4278,1,Distracted
0.3336,0.3004,0.2955,0.2445,13.3365,-2.2442,8.5775,0.0221,0.0452,0,Attentive
0.298,0.3129,0.3185,0.3786,-14.9955,7.2611,-0.7857,0.0141,0.0314,0,Attentive
0.1791,0.1592,0.2015,0.3356,-1.4296,15.995,3.3794,0.0158,0.0204,2,Drowsy
0.2877,0.2911,0.2912,0.2717,30.4709,41.5777,10.4407,0.0383,0.3267,1,Distracted
0.3473,0.3659,0.2595,0.16,9.8218,23.2188,4.7176,0.0337,0.1709,1,Distracted
0.2226,0.1494,0.196,0.4804,16.6896,7.6666,-4.7738,0.0529,0.1655,2,Drowsy
0.2445,0.3211,0.216,0.377,30.8841,2.2749,9.4386,0.0597,0.4618,1,Distracted
0.1475,0.218,0.1376,0.5177,-4.6489,14.5884,4.0861,0.0667,0.1257,2,Drowsy
0.1407,0.0209,0.1009,0.7016,3.1618,26.9096,18.3997,0.0446,0.7226,3,Absent
0.1633,0.1384,0.2004,0.4356,-7.3219,25.852,2.2376,0.0324,0.0864,2,Drowsy
0.2068,0.0804,0.1567,0.3734,1.7427,-6.8515,6.0194,0.0145,0.1253,2,Drowsy
0.3084,0.2744,0.2579,0.316,39.6285,1.9011,13.5142,0.0359,0.423,1,Distracted
0.1585,0.2406,0.1756,0.6571,-9.9254,3.823,-3.7364,0.0158,0.0469,2,Drowsy
0.207,0.1714,0.1997,0.4355,18.5869,8.6457,15.7036,0.047,0.0715,2,Drowsy
0.2087,0.1635,0.1197,0.5034,3.3393,8.2569,9.438,0.0552,0.1568,2,Drowsy
0.1122,0.1386,0.096,0.6426,16.8873,16.5302,0.8882,0.0294,0.4667,3,Absent
0.1061,0.0143,0.0664,0.6197,40.0332,22.1006,26.4602,0.0666,0.6597,3,Absent
0.1825,0.2115,0.1814,0.2793,13.0583,-8.0236,1.916,0.0641,0.0657,2,Drowsy
0.2426,0.2979,0.2658,0.3494,10.2909,3.7403,8.3185,0.0115,0.0663,0,Attentive
0.1143,0.0638,0.1639,0.709,2.5587,23.8477,21.4262,0.0294,0.3395,3,Absent
0.2115,0.1456,0.1416,0.4111,3.8609,6.0646,-5.3835,0.0744,0.069,2,Drowsy
0.0919,0.1282,0.0363,0.6624,-25.1409,15.927,27.8727,0.0282,0.5854,3,Absent
0.2518,0.3525,0.3345,0.1854,8.5177,-0.5208,3.3174,0.0229,0.043,0,Attentive
0.2926,0.2532,0.2747,0.1508,37.693,13.4962,5.801,0.0,0.2234,1,Distracted
0.1507,0.1878,0.167,0.6728,2.6998,10.6817,8.7188,0.0585,0.0893,2,Drowsy
0.0799,0.1457,0.0961,0.7131,16.9822,31.89,18.6279,0.0513,0.4014,3,Absent
0.1127,0.1023,0.0197,0.5062,10.8161,29.6546,-1.5652,0.0447,0.5147,3,Absent
0.2868,0.2634,0.3047,0.2941,35.6781,25.5835,8.9738,0.0162,0.3414,1,Distracted
0.3642,0.1975,0.252,0.281,30.6184,-1.0415,-0.7476,0.0102,0.3213,1,Distracted
0.1053,0.0318,0.0219,0.5203,59.1672,-9.671,20.2335,0.0275,0.48,3,Absent
0.1024,0.0,0.121,0.958,-17.6062,15.6889,13.7359,0.0763,0.9712,3,Absent
0.2366,0.0261,0.0778,0.6527,19.9579,-6.0807,20.9592,0.0209,0.8372,3,Absent
0.2002,0.1991,0.1316,0.4378,6.1221,4.5097,5.5735,0.0561,0.0788,2,Drowsy
0.2709,0.3033,0.2843,0.2747,-19.837,-2.998,-3.6303,0.0174,0.0339,0,Attentive
0.3467,0.2705,0.2634,0.1758,39.0617,11.4889,-4.0907,0.0391,0.3002,1,Distracted
0.3351,0.304,0.302,0.2777,-3.8936,3.2102,-8.7619,0.0288,0.0032,0,Attentive
0.2114,0.1421,0.1695,0.5977,-1.773,8.5334,-9.1221,0.0104,0.0863,2,Drowsy
0.1427,0.2285,0.2079,0.5416,14.1124,11.3414,11.405,0.0476,0.0712,2,Drowsy
0.2308,0.2479,0.2636,0.262,29.6363,12.1931,5.2118,0.0155,0.1324,1,Distracted
0.322,0.3376,0.32,0.353,7.4698,1.9047,3.7146,0.0324,0.0266,0,Attentive
0.2488,0.2605,0.2082,0.2365,28.2758,8.2464,5.7905,0.0372,0.3485,1,Distracted
0.3433,0.2623,0.3203,0.2361,0.7619,8.5326,3.7003,0.0257,0.079,0,Attentive
0.2631,0.1586,0.1954,0.4646,6.822,11.4327,8.4068,0.0453,0.089,2,Drowsy
0.1673,0.2008,0.1941,0.6298,-2.8221,8.3738,0.5022,0.0092,0.1154,2,Drowsy
0.0991,0.1871,0.0868,0.7042,25.9082,38.3045,9.9321,0.0745,0.3038,3,Absent
0.2627,0.3024,0.2604,0.3201,26.3775,28.3212,7.0686,0.0176,0.2911,1,Distracted
0.2769,0.2589,0.334,0.2061,35.1408,15.2744,-4.666,0.0116,0.3352,1,Distracted
0.0648,0.1705,0.0176,0.6404,11.1973,34.4089,19.2428,0.0,0.7979,3,Absent
0.3687,0.2583,0.2589,0.3011,22.518,12.6899,4.8195,0.0259,0.0756,0,Attentive
0.1067,0.0045,0.0365,0.5312,-12.3337,36.2741,-8.8576,0.0603,0.7123,3,Absent
0.0705,0.0665,0.0545,0.8054,20.227,0.9617,10.3925,0.0539,0.7296,3,Absent
0.1473,0.2609,0.1984,0.3556,-5.3693,18.0245,-1.1872,0.0771,0.0,2,Drowsy
0.0625,0.1166,0.1289,0.8445,33.8009,57.79,8.103,0.025,0.8439,3,Absent
0.1903,0.2138,0.1799,0.2889,7.0897,7.5628,3.2175,0.0291,0.0835,2,Drowsy
0.2899,0.3103,0.3389,0.2927,6.3189,6.243,2.2176,0.0256,0.0,0,Attentive
0.0204,0.126,0.1135,0.6152,16.4255,30.894,12.592,0.0,0.6474,3,Absent
0.1197,0.1382,0.1504,0.5173,27.3533,5.5777,2.9529,0.0608,0.5655,3,Absent
0.1172,0.0959,0.071,0.572,25.6894,45.6153,4.1838,0.1073,0.7899,3,Absent
0.1579,0.1653,0.139,0.5178,3.5816,5.533,-1.5518,0.0168,0.1574,2,Drowsy
0.1907,0.2315,0.2064,0.2993,2.291,0.5697,6.8404,0.0585,0.0841,2,Drowsy
0.1735,0.191,0.1597,0.1606,13.5422,22.3575,0.938,0.0187,0.0745,2,Drowsy
0.2952,0.2725,0.3023,0.1718,4.1474,9.1007,-4.256,0.0047,0.0974,0,Attentive
0.2718,0.3394,0.2563,0.2709,38.0802,0.1085,2.5171,0.0323,0.3547,1,Distracted
0.1767,0.088,0.0737,0.5152,-5.9846,-6.6096,5.4499,0.0,0.7658,3,Absent
0.1153,0.0775,0.0366,0.708,4.6438,43.6469,20.9341,0.0417,0.5719,3,Absent
0.2687,0.2545,0.334,0.1948,36.3737,8.9147,9.961,0.0279,0.1742,1,Distracted
0.0337,0.1131,0.0845,0.5289,-16.4118,24.7465,5.4686,0.0828,0.5528,3,Absent
0.1621,0.1791,0.1731,0.5957,-4.9912,3.0307,-5.5793,0.0702,0.0701,2,Drowsy
0.1413,0.1688,0.1709,0.5697,9.5623,10.1061,3.9853,0.0188,0.0,2,Drowsy
0.3224,0.316,0.2444,0.2148,26.585,19.7614,-4.4579,0.0379,0.3863,1,Distracted
0.256,0.3294,0.2833,0.3837,39.9651,12.4245,5.4092,0.0464,0.1762,1,Distracted
0.2037,0.1421,0.228,0.4046,-3.195,12.882,12.0381,0.0483,0.1304,2,Drowsy
0.1696,0.2168,0.2174,0.3353,-8.2474,2.1849,9.226,0.0643,0.043,2,Drowsy
0.0494,0.1113,0.1033,0.5484,57.0134,47.2153,22.2604,0.0629,0.616,3,Absent
0.3374,0.3159,0.2743,0.3427,76.1469,11.1515,-2.8704,0.0183,0.4125,1,Distracted
0.1598,0.1832,0.2164,0.2508,1.6958,19.0645,1.4407,0.0709,0.1366,2,Drowsy
0.0228,0.0746,0.0626,0.513,34.9503,46.5814,26.5511,0.0284,0.54,3,Absent
0.276,0.2896,0.3193,0.1973,6.4225,-8.9133,-0.8067,0.0167,0.1002,0,Attentive
0.1845,0.1361,0.1891,0.4336,-11.1082,-0.562,7.9746,0.0789,0.0947,2,Drowsy
0.2912,0.2579,0.2592,0.3662,38.4148,4.3895,3.495,0.0629,0.3265,1,Distracted
0.2989,0.3469,0.2345,0.2911,3.6964,0.9069,2.4588,0.0001,0.0434,0,Attentive
0.2638,0.2852,0.2676,0.2819,26.7994,21.0867,13.5396,0.0273,0.2114,1,Distracted
0.1929,0.1487,0.2042,0.391,9.9964,5.8071,-4.6052,0.0204,0.0628,2,Drowsy
0.2925,0.2988,0.2954,0.2693,11.539,0.8238,13.5216,0.0337,0.3177,1,Distracted
0.2813,0.3224,0.3008,0.2845,11.7017,7.8413,3.3656,0.01,0.0499,0,Attentive
0.2644,0.2881,0.3134,0.2546,-3.8123,3.0439,-5.6577,0.0315,0.0438,0,Attentive
0.1404,0.1744,0.2418,0.5151,-6.9531,-2.1988,4.7591,0.0125,0.0,2,Drowsy
0.0722,0.0,0.0992,0.4679,3.2211,38.2575,29.1638,0.0612,0.6051,3,Absent
0.3374,0.2798,0.307,0.2082,20.1612,-5.3132,3.5491,0.0263,0.0624,0,Attentive
0.0832,0.0,0.0576,0.6905,-11.8916,-18.5671,-13.0724,0.0898,0.5346,3,Absent
0.2812,0.3014,0.3013,0.2249,-7.9797,5.2608,1.695,0.025,0.034,0,Attentive
0.0776,0.0432,0.0792,0.7007,-6.1654,17.7057,5.0888,0.0804,0.4401,3,Absent
0.3342,0.26,0.2986,0.2182,64.3492,19.3638,3.8444,0.0145,0.3386,1,Distracted
0.302,0.3155,0.2609,0.2235,9.3541,-5.78,3.4678,0.0064,0.064,0,Attentive
0.2999,0.2368,0.2445,0.244,39.7357,13.583,-0.0586,0.0067,0.3782,1,Distracted
0.3597,0.3101,0.3074,0.2452,58.3679,12.677,10.1187,0.0279,0.3232,1,Distracted
0.3243,0.2918,0.2938,0.2316,29.4894,8.2387,-4.2047,0.0,0.2899,1,Distracted
0.2826,0.2977,0.2985,0.2913,-5.5283,2.6392,11.56,0.0316,0.0905,0,Attentive
0.1693,0.0779,0.1332,0.3623,12.7738,13.5049,1.2303,0.0546,0.1155,2,Drowsy
0.1344,0.1322,0.0413,0.7959,29.0615,4.3865,20.3862,0.0193,0.8713,3,Absent
0.2851,0.2765,0.281,0.1614,6.7723,-9.818,-4.1422,0.0,0.0474,0,Attentive
0.3228,0.3084,0.3026,0.2469,-3.0317,1.0353,-6.4648,0.019,0.0203,0,Attentive
0.3391,0.3176,0.2897,0.2629,1.0747,3.0552,0.3719,0.0184,0.0564,0,Attentive
0.3092,0.2767,0.3282,0.1485,17.9332,16.8163,5.0847,0.0421,0.3564,1,Distracted
0.2175,0.2148,0.0966,0.4255,-4.8167,9.1499,1.9109,0.0518,0.0792,2,Drowsy
0.1415,0.0996,0.1608,0.6011,6.1186,-1.5869,9.0857,0.0646,0.0842,2,Drowsy
0.1643,0.1387,0.1489,0.4934,5.0529,11.9327,5.0701,0.0541,0.1151,2,Drowsy
0.2727,0.3663,0.2813,0.3889,20.9554,-5.7321,-1.7205,0.0538,0.5256,1,Distracted
0.299,0.3192,0.3031,0.2443,-7.3937,4.6295,-1.7838,0.0,0.0858,0,Attentive
0.0721,0.0874,0.1145,0.6552,20.9127,23.567,11.9397,0.0526,0.7752,3,Absent
0.3154,0.3155,0.3963,0.2785,12.0845,9.678,5.257,0.0168,0.0728,0,Attentive
0.295,0.2585,0.2281,0.3807,36.2874,7.0657,2.6035,0.0,0.2195,1,Distracted
0.1985,0.1657,0.2001,0.3829,15.3273,16.0085,5.4841,0.0357,0.1141,2,Drowsy
0.2926,0.3296,0.2822,0.1729,1.715,-0.3892,-2.8312,0.0182,0.0647,0,Attentive
0.2872,0.3135,0.2935,0.2778,-12.2396,-0.0371,10.6108,0.0123,0.0319,0,Attentive
0.3188,0.2743,0.2732,0.2741,1.2123,7.998,4.3662,0.0193,0.0246,0,Attentive
0.2955,0.2902,0.2739,0.1914,6.715,-0.8539,3.5818,0.0111,0.0554,0,Attentive
0.1452,0.2372,0.187,0.5791,19.2141,-1.0609,10.3789,0.0118,0.0381,2,Drowsy
0.3542,0.3208,0.2987,0.3418,30.5472,4.9173,0.5133,0.0275,0.3078,1,Distracted
0.2982,0.2392,0.2926,0.2663,38.3894,2.7561,1.4896,0.0535,0.2448,1,Distracted
0.1291,0.1288,0.1801,0.3851,33.515,-9.5302,36.0779,0.0646,0.3596,3,Absent
0.1714,0.126,0.1507,0.4911,4.0761,5.5299,-0.5571,0.0715,0.0465,2,Drowsy
0.3149,0.3321,0.27,0.1342,9.8641,-2.7974,-8.0924,0.0215,0.0738,0,Attentive
0.2079,0.151,0.1787,0.3823,5.6748,3.6049,0.3024,0.0264,0.1001,2,Drowsy
0.3111,0.2882,0.3007,0.3139,4.5288,3.3251,-4.7993,0.0275,0.0694,0,Attentive
0.3186,0.3082,0.3448,0.2549,21.8287,6.3837,13.6134,0.0,0.1432,1,Distracted
0.1842,0.2528,0.2632,0.1675,21.111,-9.8084,4.7701,0.0464,0.4607,1,Distracted
0.0972,0.0805,0.066,0.749,59.3945,46.7878,28.6557,0.0837,0.7165,3,Absent
0.326,0.264,0.2916,0.2263,-2.2266,15.3582,4.0249,0.0074,0.0775,0,Attentive
0.2992,0.3353,0.3243,0.3226,42.6625,26.9762,6.9925,0.0429,0.3179,1,Distracted
0.0612,0.0756,0.1225,0.7607,23.327,37.8581,3.6782,0.0823,0.3919,3,Absent
0.295,0.318,0.2698,0.2905,-3.7978,-0.3809,4.6534,0.0134,0.0511,0,Attentive
0.0116,0.1313,0.1,0.7505,37.4244,12.5338,-0.7061,0.0485,0.5946,3,Absent
0.2755,0.3198,0.3234,0.1696,-3.1018,-2.384,-2.6995,0.0283,0.0442,0,Attentive
0.2591,0.2254,0.2525,0.3969,43.8279,19.259,12.0633,0.0667,0.1729,1,Distracted
0.001,0.1771,0.0,0.5959,21.9243,8.3693,17.5456,0.026,0.856,3,Absent
0.1012,0.0674,0.1244,0.5215,5.2403,-9.0069,24.2922,0.0257,0.5531,3,Absent
0.223,0.1473,0.2248,0.4614,5.9286,-5.5954,-5.0363,0.0429,0.1116,2,Drowsy
0.0696,0.0605,0.0471,0.456,45.2685,12.6241,13.4627,0.046,0.7691,3,Absent
0.2798,0.2874,0.2713,0.3142,26.8873,19.9374,3.4815,0.0216,0.3522,1,Distracted
0.1431,0.1771,0.1508,0.4437,12.3289,13.2241,16.4207,0.0638,0.0882,2,Drowsy
0.2619,0.1258,0.2019,0.3093,1.4515,7.7255,9.3485,0.0185,0.1065,2,Drowsy
0.2099,0.1343,0.1654,0.546,12.2381,4.2679,1.9554,0.026,0.0321,2,Drowsy
0.2879,0.1925,0.2026,0.4938,1.8975,18.3519,2.5442,0.0611,0.0666,2,Drowsy
0.092,0.0387,0.097,0.4866,-0.0192,18.3017,23.2445,0.076,0.8725,3,Absent
0.0906,0.0431,0.0348,0.7294,-8.8223,24.4946,25.1226,0.0665,0.4719,3,Absent
0.2962,0.3453,0.2637,0.2494,-7.0191,5.5454,6.4344,0.0158,0.0,0,Attentive
0.2059,0.1645,0.2112,0.7027,1.1294,14.4128,0.273,0.0378,0.0812,2,Drowsy
0.3038,0.2859,0.2752,0.1777,8.3302,7.0458,4.8868,0.0187,0.0922,0,Attentive
0.3309,0.3279,0.279,0.2345,5.6501,9.8288,-0.3959,0.0181,0.0168,0,Attentive
0.3396,0.3032,0.2773,0.2979,8.3084,-4.1826,3.9071,0.03,0.0855,0,Attentive
0.0794,0.0818,0.0779,0.6127,14.1309,25.7639,28.6073,0.0356,1.0,3,Absent
0.3391,0.3468,0.3008,0.2123,6.6798,-1.744,12.0669,0.0214,0.039,0,Attentive
0.0855,0.1599,0.0897,0.5317,14.2488,-11.7137,16.6488,0.0894,0.2817,3,Absent
0.1304,0.1201,0.2619,0.4323,6.0231,2.4646,6.4498,0.0592,0.092,2,Drowsy
0.3251,0.2661,0.3132,0.3221,-16.7732,-2.5783,4.8854,0.018,0.0611,0,Attentive
0.2833,0.2989,0.279,0.3115,30.9672,12.688,-4.0633,0.0162,0.2823,1,Distracted
0.0053,0.0298,0.1083,0.6043,20.4627,23.5238,18.7566,0.0844,0.3303,3,Absent
0.2617,0.3117,0.2888,0.2256,50.6786,-6.9845,9.7057,0.0047,0.5386,1,Distracted
0.0716,0.0691,0.0768,0.4491,14.7597,45.7241,12.9757,0.0188,0.6493,3,Absent
0.2975,0.2565,0.277,0.1998,4.6581,3.4854,-1.6087,0.0218,0.0336,0,Attentive
0.1328,0.0762,0.1973,0.6013,21.5944,28.1976,1.7772,0.0608,0.5569,3,Absent
0.3267,0.24,0.2372,0.2136,51.0141,4.5281,-2.5081,0.0214,0.3261,1,Distracted
0.2982,0.2446,0.2581,0.2139,43.7858,20.073,5.1403,0.0127,0.509,1,Distracted
0.2905,0.2486,0.2635,0.3473,54.2012,25.2833,9.5422,0.0249,0.0258,1,Distracted
0.0612,0.0736,0.0387,0.4995,24.1143,8.3619,29.7886,0.0061,0.6473,3,Absent
0.1713,0.0172,0.0016,0.5022,51.321,-6.8779,3.5302,0.0063,0.4952,3,Absent
0.2643,0.3316,0.3143,0.2148,-9.3007,1.9857,-0.2297,0.0211,0.0391,0,Attentive
0.2648,0.3143,0.3334,0.1119,40.2112,-4.2665,7.9947,0.0326,0.4136,1,Distracted
0.2967,0.301,0.356,0.3079,48.8016,10.6609,15.0683,0.078,0.4031,1,Distracted
0.2946,0.2805,0.333,0.321,-1.8034,-10.0658,7.0376,0.0132,0.0737,0,Attentive
0.3135,0.276,0.2469,0.3505,12.4522,6.722,4.75,0.0303,0.368,1,Distracted
0.354,0.261,0.2537,0.2438,3.1256,4.5306,-0.2316,0.018,0.061,0,Attentive
0.2867,0.3071,0.2787,0.294,48.9799,16.2532,3.9844,0.057,0.1135,1,Distracted
0.0667,0.0706,0.0345,0.6993,17.6474,8.6389,7.7085,0.0132,0.4688,3,Absent
0.3055,0.2596,0.2757,0.31,-2.2552,-4.3284,4.6833,0.0319,0.0716,0,Attentive
0.308,0.2435,0.285,0.2312,44.8653,11.4047,-1.7471,0.0316,0.2651,1,Distracted
0.0987,0.0746,0.0,0.8067,57.2682,17.3487,4.2246,0.0952,0.9281,3,Absent
0.0505,0.0,0.0202,0.8485,47.0349,31.2982,1.6191,0.0953,0.64,3,Absent
0.0911,0.0,0.1135,0.5484,17.5154,39.2886,36.3534,0.0,0.556,3,Absent
0.2804,0.2385,0.3093,0.3228,-1.7281,6.0804,-5.8407,0.0246,0.0382,0,Attentive
0.2708,0.2867,0.2689,0.3495,41.0971,-5.9085,8.1424,0.0421,0.3065,1,Distracted
0.1493,0.1121,0.2165,0.2704,1.2752,6.2055,3.6527,0.0407,0.0855,2,Drowsy
0.2855,0.3276,0.2921,0.2763,47.5063,12.3329,5.7289,0.0363,0.3406,1,Distracted
0.1664,0.2722,0.1931,0.4868,6.8759,11.323,-7.9156,0.0352,0.0785,2,Drowsy
0.2475,0.1947,0.1982,0.59,-1.0213,-3.9061,5.0005,0.0115,0.1782,2,Drowsy
0.0584,0.0799,0.0996,0.6349,27.5558,7.45,7.7533,0.028,0.437,3,Absent
0.0,0.112,0.1307,0.6441,42.1949,-5.0174,-1.6268,0.0561,0.6454,3,Absent
0.3776,0.2465,0.3213,0.3314,34.8337,1.3479,0.3905,0.0196,0.1714,1,Distracted
0.0873,0.1388,0.023,0.708,9.0017,32.0375,16.9038,0.0621,0.563,3,Absent
0.1491,0.2239,0.1294,0.4144,6.8962,8.4347,7.8148,0.0096,0.1461,2,Drowsy
0.2882,0.249,0.252,0.2501,55.9383,34.0484,6.3032,0.0207,0.2323,1,Distracted
0.1073,0.0491,0.054,0.7454,34.616,17.4201,9.8859,0.085,0.478,3,Absent
0.2436,0.3214,0.2529,0.2314,6.4985,4.2962,4.1272,0.0222,0.0884,0,Attentive
0.0202,0.1111,0.0651,0.4739,22.6587,7.5029,-3.933,0.0265,0.3444,3,Absent
0.203,0.1996,0.1797,0.4557,3.3476,-2.3777,4.8007,0.0283,0.0261,2,Drowsy
0.3278,0.2851,0.2712,0.2634,-3.5883,-0.6278,8.6264,0.0283,0.0547,0,Attentive
0.1395,0.0959,0.0526,0.5999,6.7443,50.3326,15.0492,0.0547,0.6942,3,Absent
0.1778,0.1281,0.2105,0.5244,-1.4045,13.6599,5.8745,0.0144,0.0458,2,Drowsy
0.1729,0.192,0.1694,0.321,13.631,12.2536,4.0904,0.04,0.0198,2,Drowsy
0.0,0.1173,0.0715,0.7017,-6.5622,41.0147,0.6679,0.0732,0.5736,3,Absent
0.0325,0.0913,0.1114,0.7256,-1.0634,22.2029,6.8722,0.0803,0.5177,3,Absent
0.2791,0.2093,0.3847,0.3848,43.6721,2.468,4.3184,0.0191,0.4764,1,Distracted
0.2406,0.3028,0.2547,0.356,23.3473,8.8684,1.6684,0.0102,0.4241,1,Distracted
0.2805,0.2639,0.2739,0.2256,0.1846,-2.39,-4.4806,0.0154,0.0554,0,Attentive
0.1275,0.1997,0.2193,0.4421,0.3415,9.2454,4.2774,0.0449,0.0,2,Drowsy
0.1568,0.2129,0.1875,0.4936,13.9277,10.5586,11.6942,0.0582,0.0591,2,Drowsy
0.1941,0.2093,0.1621,0.4588,11.2837,2.3178,12.3469,0.0123,0.1576,2,Drowsy
0.0672,0.075,0.1228,0.3116,9.2369,-6.1355,0.6502,0.1221,0.6696,3,Absent
0.2864,0.3436,0.3082,0.265,7.9777,-4.9718,7.1956,0.0192,0.0701,0,Attentive
0.2852,0.2198,0.2605,0.311,40.3267,22.2117,4.277,0.0023,0.4557,1,Distracted
0.318,0.3486,0.3104,0.1892,13.907,-1.2361,6.5521,0.0357,0.0637,0,Attentive
0.0477,0.0137,0.0642,0.5644,26.761,28.9031,18.1218,0.0429,0.4975,3,Absent
0.273,0.3192,0.2918,0.2802,-1.3529,1.8604,2.2046,0.01,0.0722,0,Attentive
0.1302,0.0922,0.1315,0.6568,20.0315,29.5284,33.9163,0.0954,0.6686,3,Absent
0.2465,0.2276,0.2664,0.3252,56.9198,14.1745,12.0123,0.0251,0.4123,1,Distracted
0.2422,0.2404,0.2479,0.2733,32.4781,0.4982,6.6176,0.0753,0.2995,1,Distracted
0.0466,0.0767,0.0292,0.5256,33.2779,21.738,5.6873,0.0536,0.4286,3,Absent
0.2933,0.332,0.3363,0.2042,-3.6954,2.0174,3.5381,0.0148,0.0906,0,Attentive
0.0809,0.0875,0.0334,0.8086,2.2202,32.6711,31.2245,0.0514,0.7435,3,Absent
0.2859,0.308,0.2891,0.2467,19.7978,1.2708,0.2083,0.0135,0.0723,0,Attentive
0.1193,0.1636,0.0716,0.7138,29.0993,43.307,7.1694,0.0434,0.4818,3,Absent
0.1258,0.077,0.0997,0.3714,13.0721,32.7164,18.4648,0.0009,0.5623,3,Absent
0.0116,0.0489,0.052,0.5301,26.7877,27.714,9.4964,0.1081,0.2007,3,Absent
0.3127,0.3012,0.2641,0.1842,5.2481,-11.9282,7.0632,0.0184,0.1473,0,Attentive
0.0751,0.0591,0.0459,0.7687,8.7663,14.2471,20.1529,0.0596,0.3713,3,Absent
0.14,0.2233,0.2263,0.3621,2.5156,8.133,8.4199,0.0722,0.0126,2,Drowsy
0.1129,0.1166,0.0588,0.5478,-2.7145,20.5018,-2.0779,0.053,0.7934,3,Absent
0.342,0.3462,0.3393,0.2359,12.8456,-3.6427,-2.5345,0.0,0.1002,0,Attentive
0.2439,0.2883,0.3048,0.2725,-1.0785,3.2411,-10.4416,0.0134,0.0636,0,Attentive
0.177,0.194,0.16,0.4021,0.3968,4.1676,4.0294,0.0426,0.0,2,Drowsy
0.3253,0.2998,0.3295,0.1813,7.1592,16.0817,4.0985,0.0228,0.0503,0,Attentive
0.207,0.169,0.1685,0.4549,7.7077,11.1188,2.1838,0.0569,0.0711,2,Drowsy
0.1937,0.1422,0.2557,0.3959,2.1752,18.5365,3.0913,0.041,0.0687,2,Drowsy
0.1513,0.1554,0.2169,0.4648,-1.6218,8.1411,10.8946,0.0459,0.1037,2,Drowsy
0.2067,0.1082,0.1408,0.5388,11.0084,-4.3887,7.9751,0.0419,0.1112,2,Drowsy
0.1333,0.1502,0.2206,0.3622,5.3664,6.4818,6.5318,0.0229,0.0836,2,Drowsy
0.0587,0.1075,0.1036,0.6224,47.6172,9.1239,32.6564,0.0432,0.3813,3,Absent
0.1965,0.2359,0.1073,0.5297,-8.3124,17.8266,0.8149,0.0156,0.1078,2,Drowsy
0.0269,0.0662,0.0727,0.5809,13.4873,12.5994,3.2113,0.0757,0.5135,3,Absent
0.0159,0.083,0.0645,0.6901,50.1676,18.0574,-11.9387,0.0427,0.7887,3,Absent
0.1303,0.0277,0.042,0.6112,32.3209,1.0999,7.7121,0.0322,0.7383,3,Absent
0.0607,0.1742,0.1076,0.877,35.134,19.0462,2.7677,0.056,0.5378,3,Absent
0.1538,0.1213,0.2144,0.4512,5.687,16.3664,1.613,0.0125,0.0828,2,Drowsy
0.3016,0.2773,0.309,0.2392,-4.5139,12.3279,6.6447,0.014,0.0649,0,Attentive
0.2704,0.212,0.2931,0.2959,35.7644,7.8317,3.2435,0.04,0.3471,1,Distracted
0.127,0.0756,0.0779,0.6821,44.6042,36.0135,23.3206,0.0176,0.495,3,Absent
0.1572,0.1774,0.0828,0.7866,-28.063,43.2842,6.2894,0.0428,0.6382,3,Absent
0.3169,0.2694,0.2994,0.2413,4.8025,0.4133,1.3426,0.0283,0.0369,0,Attentive
0.3149,0.2959,0.3162,0.3262,1.1268,1.361,9.8961,0.0277,0.0359,0,Attentive
0.3087,0.3287,0.2802,0.2517,-7.9202,7.9105,4.5944,0.025,0.05,0,Attentive
0.0832,0.0571,0.038,0.6847,29.6996,21.8195,8.2442,0.0678,0.5119,3,Absent
0.2314,0.2765,0.3192,0.2293,6.6864,-7.6563,5.9899,0.0144,0.0504,0,Attentive
0.0193,0.0436,0.1021,0.484,22.4071,38.5693,19.6256,0.0601,0.146,3,Absent
0.1652,0.1423,0.1851,0.5373,0.9036,5.6769,18.11,0.0616,0.126,2,Drowsy
0.2274,0.2527,0.2289,0.536,-4.0347,4.7288,5.0496,0.0274,0.1031,2,Drowsy
0.1366,0.1475,0.2132,0.3793,-2.5446,14.5399,-4.0896,0.0,0.0655,2,Drowsy
0.2756,0.345,0.3338,0.2267,-2.0294,-15.3269,-5.4079,0.0066,0.0541,0,Attentive
0.3692,0.2946,0.2973,0.2998,16.6254,-8.4662,-6.9319,0.0138,0.0675,0,Attentive
0.3259,0.2937,0.2346,0.1287,36.7857,7.8607,-0.8617,0.0,0.2765,1,Distracted
0.0193,0.1489,0.0195,0.5551,3.0283,40.654,9.1078,0.0151,0.639,3,Absent
0.3876,0.2572,0.2648,0.2275,50.3345,6.2722,0.6505,0.0441,0.212,1,Distracted
0.1376,0.0639,0.0851,0.5602,-14.1735,38.5204,31.0284,0.0395,0.6824,3,Absent
0.1579,0.1318,0.1294,0.8765,21.4621,4.8054,13.7639,0.033,0.4082,3,Absent
0.1671,0.1859,0.1396,0.526,-3.9749,3.1554,7.244,0.0641,0.1434,2,Drowsy
0.3063,0.2412,0.2668,0.2598,8.9077,4.1996,1.4218,0.017,0.0056,0,Attentive
0.2933,0.2595,0.3442,0.266,-8.2555,-0.0929,2.5544,0.037,0.0168,0,Attentive
0.1761,0.1629,0.1891,0.4085,13.0121,0.2091,3.0651,0.0119,0.0661,2,Drowsy
0.2721,0.2625,0.3167,0.2159,39.145,6.1582,0.4272,0.0817,0.3919,1,Distracted
0.093,0.0961,0.1127,0.4816,50.9406,4.1662,25.5559,0.0724,0.3696,3,Absent
0.2268,0.2004,0.2916,0.2574,38.7928,15.8388,12.7046,0.0,0.2943,1,Distracted
0.261,0.2871,0.3241,0.315,10.6824,-9.5593,7.4157,0.0016,0.0769,0,Attentive
0.2645,0.3085,0.2559,0.1954,19.4273,-4.6211,11.0575,0.0,0.3774,1,Distracted
0.0666,0.1153,0.1103,0.7187,12.7948,10.896,45.4144,0.0488,0.5176,3,Absent
0.2599,0.301,0.2885,0.2084,30.2873,6.2854,-5.6559,0.0104,0.2729,1,Distracted
0.2007,0.1697,0.158,0.5962,2.0261,4.7125,3.5993,0.0439,0.0388,2,Drowsy
0.1197,0.1257,0.1671,0.6329,-2.8127,6.3342,1.3183,0.0289,0.0871,2,Drowsy
0.3281,0.2582,0.2848,0.2978,27.9422,24.508,-1.7029,0.0352,0.3746,1,Distracted
0.3118,0.334,0.317,0.3082,35.1424,0.1921,9.4397,0.0636,0.3842,1,Distracted
0.3535,0.3004,0.2944,0.2036,26.4853,-4.5133,-0.1442,0.0242,0.068,0,Attentive
0.3463,0.3602,0.3515,0.3104,11.1925,7.1477,5.8918,0.0145,0.0255,0,Attentive
0.2857,0.299,0.321,0.1807,42.0143,7.3186,5.9998,0.0512,0.2306,1,Distracted
0.2947,0.3201,0.3025,0.3148,-2.7507,8.215,1.0265,0.0194,0.0528,0,Attentive
0.3191,0.3308,0.2679,0.2418,25.657,16.4406,6.3624,0.0285,0.4795,1,Distracted
0.3178,0.2189,0.2843,0.2256,8.0666,3.1584,-5.0278,0.0102,0.056,0,Attentive
0.1729,0.2119,0.2222,0.439,16.269,20.2404,8.2343,0.0297,0.0555,2,Drowsy
0.2775,0.2654,0.3027,0.2693,-6.4132,9.4966,-6.8524,0.0142,0.0423,0,Attentive
0.1044,0.0954,0.002,0.5611,14.687,9.2088,10.7971,0.089,0.4416,3,Absent
0.3565,0.2544,0.2707,0.2258,67.3799,12.4207,-0.1059,0.0473,0.4269,1,Distracted
0.3376,0.2941,0.2569,0.328,41.7889,10.3584,6.5978,0.0181,0.2674,1,Distracted
0.2548,0.2939,0.3423,0.3898,28.096,12.5318,-3.5756,0.0465,0.5053,1,Distracted
0.2962,0.3031,0.2926,0.2817,-0.101,-10.5447,1.2532,0.0,0.0606,0,Attentive
0.3066,0.3238,0.2857,0.2926,-6.8335,13.1648,2.0707,0.014,0.041,0,Attentive
0.084,0.0373,0.1402,0.8447,32.532,43.3498,16.8216,0.0729,0.7949,3,Absent
0.2959,0.3117,0.2974,0.2633,-1.6621,-14.0717,1.3286,0.0342,0.0778,0,Attentive
0.1707,0.2172,0.176,0.3639,-8.2869,-6.9125,10.5625,0.0308,0.0935,2,Drowsy
0.3066,0.3365,0.2872,0.2141,1.1558,11.2581,2.9705,0.0147,0.0645,0,Attentive
0.1526,0.0685,0.0636,0.6065,2.8506,46.0096,2.923,0.076,0.6881,3,Absent
0.1982,0.2021,0.1738,0.3928,3.0492,12.0093,-6.8839,0.0479,0.0924,2,Drowsy
0.269,0.3179,0.2853,0.2434,3.5782,-7.5016,-1.8942,0.0335,0.0766,0,Attentive
0.3059,0.297,0.3109,0.1234,8.4566,3.8832,0.8876,0.0405,0.0298,0,Attentive
0.2651,0.2527,0.2569,0.316,24.6739,3.9532,-7.5224,0.0241,0.2412,1,Distracted
0.308,0.205,0.3213,0.3431,36.1692,7.7306,7.4,0.0758,0.1737,1,Distracted
0.1601,0.1928,0.1736,0.4819,16.502,4.1748,2.4766,0.0435,0.0709,2,Drowsy
0.2415,0.2385,0.3185,0.2754,2.5408,-6.7681,-1.5396,0.0174,0.0021,0,Attentive
0.2925,0.3143,0.2358,0.1653,28.1906,28.0153,17.133,0.0666,0.3307,1,Distracted
0.3187,0.2529,0.2818,0.2376,2.4045,7.3447,2.8885,0.0066,0.0614,0,Attentive
0.2798,0.2783,0.3062,0.1591,39.0119,7.1002,-0.031,0.0152,0.3285,1,Distracted
0.3038,0.2948,0.3004,0.1952,-8.5204,14.1615,-2.2348,0.0101,0.0,0,Attentive
0.1664,0.2131,0.1298,0.3056,0.1376,19.5042,4.3444,0.0458,0.0911,2,Drowsy
0.2779,0.3054,0.3115,0.2597,-5.1576,4.4445,9.311,0.0245,0.0789,0,Attentive
0.0615,0.0438,0.0504,0.653,18.1598,13.1081,11.5983,0.0284,0.6303,3,Absent
0.1425,0.1523,0.2502,0.4925,11.4518,14.5973,3.4957,0.0312,0.09,2,Drowsy
0.3239,0.2442,0.3011,0.2779,17.8532,-0.3724,3.6223,0.002,0.0,0,Attentive
0.0619,0.1572,0.0371,0.6515,30.4396,42.2609,24.3335,0.0828,0.7229,3,Absent
0.3143,0.2476,0.2865,0.2373,5.0494,11.3532,-1.8587,0.015,0.0346,0,Attentive
0.1868,0.1853,0.1206,0.4859,13.2594,17.1958,7.3417,0.0174,0.0925,2,Drowsy
0.1864,0.2403,0.1657,0.509,3.1819,-2.3151,7.6741,0.0181,0.0809,2,Drowsy
0.2641,0.3244,0.3339,0.2464,11.0283,5.5315,-1.2256,0.0236,0.0961,0,Attentive
0.2936,0.3447,0.3037,0.2331,-1.9072,0.8827,0.0591,0.0217,0.0548,0,Attentive
0.0735,0.1419,0.0201,0.603,13.8266,7.0218,25.4745,0.0613,0.4078,3,Absent
0.2712,0.2594,0.2604,0.2706,1.2875,5.6558,5.4524,0.0227,0.0697,0,Attentive
0.2016,0.1456,0.2274,0.4212,0.93,24.8929,6.6138,0.0585,0.1342,2,Drowsy
0.0634,0.131,0.0658,0.4424,16.1338,26.8021,-4.2795,0.0234,0.3039,3,Absent
0.3044,0.2786,0.2671,0.2555,27.6618,17.8754,1.1208,0.0469,0.3519,1,Distracted
0.3214,0.293,0.3177,0.2888,15.8633,12.4742,8.7329,0.0344,0.0587,0,Attentive
0.3035,0.2803,0.299,0.2315,53.6949,19.9263,-3.0696,0.0085,0.2453,1,Distracted
0.2485,0.1152,0.1922,0.4783,-3.4922,12.6367,-3.4504,0.0269,0.0,2,Drowsy
0.2649,0.2459,0.3135,0.288,-1.6121,-15.1373,-0.7312,0.0239,0.0056,0,Attentive
0.1618,0.2543,0.2581,0.2213,36.4669,5.8104,0.0523,0.0088,0.2784,1,Distracted
0.2077,0.2524,0.2781,0.2952,19.223,8.6501,0.6942,0.0079,0.376,1,Distracted
0.2102,0.2322,0.2141,0.5333,1.2976,9.1273,1.8969,0.0356,0.0827,2,Drowsy
0.1732,0.0336,0.0532,0.7871,29.6034,30.1464,25.7592,0.0428,0.616,3,Absent
0.3312,0.2818,0.3457,0.2839,-0.9033,18.1012,-1.0286,0.0274,0.059,0,Attentive
0.0999,0.0869,0.1061,0.7075,11.521,39.7482,17.42,0.0385,1.0,3,Absent
0.3423,0.1923,0.2961,0.2491,56.0765,25.464,5.197,0.0607,0.5283,1,Distracted
0.1507,0.1796,0.153,0.5044,9.4533,27.0431,9.6284,0.0449,0.0552,2,Drowsy
0.3276,0.3306,0.2851,0.2192,-5.3216,7.8917,9.2441,0.0168,0.0428,0,Attentive
0.0306,0.0459,0.0598,0.5157,43.2229,39.9155,12.6505,0.0382,0.1869,3,Absent
0.1475,0.1884,0.184,0.5509,12.8254,7.7438,5.4533,0.0466,0.0,2,Drowsy
0.0,0.1711,0.0457,0.5633,40.4217,47.8165,-3.396,0.0213,0.3735,3,Absent
0.178,0.1465,0.1049,0.891,14.7779,7.5109,8.6883,0.0199,0.5744,3,Absent
0.2834,0.2772,0.3054,0.2687,22.5352,10.0735,-1.497,0.0,0.4227,1,Distracted
0.272,0.3596,0.2594,0.2941,37.9433,-1.2197,3.2848,0.0332,0.3068,1,Distracted
0.0613,0.125,0.0311,0.7191,33.7315,0.9246,12.2669,0.0973,0.6801,3,Absent
0.1711,0.1016,0.1012,0.5208,13.0681,9.0105,2.2147,0.0699,0.7229,3,Absent
0.3171,0.2168,0.2871,0.269,55.1322,19.2765,1.2173,0.0375,0.3668,1,Distracted
0.2892,0.2602,0.2897,0.263,-4.7101,-3.7001,3.7189,0.0195,0.051,0,Attentive
0.3508,0.3043,0.2324,0.267,0.2147,2.4755,0.1569,0.0281,0.0836,0,Attentive
0.0568,0.0133,0.042,0.7677,29.07,24.0963,-1.0218,0.053,0.0892,3,Absent
0.0961,0.0677,0.1305,0.5601,30.4959,21.1579,20.5203,0.0399,0.3571,3,Absent
0.0149,0.0771,0.0689,0.5855,45.4172,4.3,18.7933,0.0858,0.6263,3,Absent
0.2723,0.3002,0.263,0.2256,-8.49,7.8575,5.5829,0.0027,0.09,0,Attentive
0.1915,0.233,0.182,0.4253,8.6366,1.0328,4.6971,0.016,0.0833,2,Drowsy
0.2965,0.2896,0.3222,0.1939,-3.1349,3.4765,7.1438,0.025,0.0574,0,Attentive
0.1102,0.1077,0.0528,0.4871,31.1985,28.2857,11.5804,0.0633,0.4608,3,Absent
0.1794,0.1675,0.2774,0.555,4.3973,7.1047,8.7553,0.06,0.0,2,Drowsy
0.1621,0.3442,0.2972,0.2998,34.2587,11.6343,1.4163,0.0423,0.2193,1,Distracted
0.3263,0.3442,0.2849,0.2385,-10.1159,0.2527,6.9829,0.0153,0.0692,0,Attentive
0.106,0.0758,0.0875,0.552,22.195,21.7782,0.8348,0.0693,0.21,3,Absent
0.1737,0.2547,0.1799,0.52,-2.0368,12.0247,5.3755,0.0389,0.0599,2,Drowsy
0.2972,0.2974,0.3137,0.2975,2.5247,15.9885,3.1212,0.0165,0.0017,0,Attentive
0.2951,0.2777,0.2831,0.2428,-3.3394,0.8443,-7.4681,0.0221,0.05,0,Attentive
0.1805,0.1333,0.1523,0.4218,-3.5496,3.9599,3.1804,0.048,0.118,2,Drowsy
0.249,0.2522,0.2744,0.3871,33.0149,-3.2751,1.9929,0.0451,0.419,1,Distracted
0.1418,0.1693,0.1628,0.3697,18.6437,25.3759,2.2315,0.0418,0.0725,2,Drowsy
0.2808,0.2791,0.292,0.3925,36.2542,15.9817,-0.8532,0.0454,0.2974,1,Distracted
0.1897,0.1833,0.1948,0.5398,14.4395,10.2839,-1.347,0.0346,0.0398,2,Drowsy
0.3499,0.3211,0.3083,0.2728,53.1714,7.8199,4.8124,0.0334,0.4202,1,Distracted
0.0406,0.0654,0.0734,0.6567,-11.7287,17.9709,10.4718,0.0494,0.7571,3,Absent
0.2181,0.2281,0.1987,0.3473,2.8882,-5.2084,6.0754,0.0366,0.0784,2,Drowsy
0.1621,0.1863,0.1503,0.5871,-15.2156,1.7701,1.4522,0.0,0.0242,2,Drowsy
0.2685,0.3406,0.3201,0.2133,20.9869,22.7468,-1.8138,0.0402,0.2884,1,Distracted
0.0413,0.0226,0.1001,0.7766,64.0097,13.4943,10.7681,0.0269,0.7751,3,Absent
0.2211,0.1861,0.2284,0.3833,10.9934,30.717,5.7802,0.0572,0.1077,2,Drowsy
0.1981,0.2712,0.2334,0.1809,46.6035,15.4462,7.6966,0.0484,0.302,1,Distracted
0.2493,0.2664,0.3168,0.2802,-0.135,-4.1244,-3.137,0.0163,0.0693,0,Attentive
0.2886,0.327,0.3009,0.283,17.1321,10.2702,2.4658,0.0149,0.0,0,Attentive
0.157,0.0213,0.1113,0.4762,50.3127,13.5453,41.7485,0.1018,0.5287,3,Absent
0.3485,0.2903,0.3304,0.3261,10.9865,-0.0213,4.0187,0.0198,0.0229,0,Attentive
0.094,0.1269,0.1586,0.6328,70.5377,23.19,26.39,0.0317,0.8739,3,Absent
0.2269,0.2866,0.3281,0.2631,20.9422,8.7301,0.0082,0.0419,0.3352,1,Distracted
0.2759,0.2884,0.2897,0.2261,-7.0411,2.1064,-0.803,0.0,0.1116,0,Attentive
0.106,0.0178,0.1053,0.6637,42.7406,32.1113,21.6046,0.0,0.5322,3,Absent
0.0582,0.056,0.1542,0.5061,18.1606,25.079,3.2375,0.0646,0.47,3,Absent
0.2831,0.3306,0.3522,0.1707,-12.0394,16.0968,3.9481,0.0113,0.066,0,Attentive
0.2757,0.2769,0.326,0.2382,57.3704,3.2869,5.5352,0.0244,0.3623,1,Distracted
0.1741,0.1684,0.2399,0.4926,19.7654,18.1517,12.5164,0.0185,0.1037,2,Drowsy
